Datetime,Open,High,Low,Close,Volume,Dividends,Stock Splits,Capital Gains
2025-12-01 09:30:00-05:00,678.8099975585938,679.6699829101562,678.760009765625,679.6699829101562,3238688,0.0,0.0,0.0
2025-12-01 09:35:00-05:00,679.6799926757812,680.3099975585938,679.3900146484375,679.3900146484375,959173,0.0,0.0,0.0
2025-12-01 09:40:00-05:00,679.3699951171875,679.7999877929688,678.739990234375,679.25,968498,0.0,0.0,0.0
2025-12-01 09:45:00-05:00,679.260009765625,680.719970703125,679.0999755859375,680.1599731445312,979902,0.0,0.0,0.0
2025-12-01 09:50:00-05:00,680.1500244140625,681.2171020507812,680.0999755859375,681.2000122070312,843387,0.0,0.0,0.0
2025-12-01 09:55:00-05:00,681.2100219726562,681.8599853515625,681.1199951171875,681.4500122070312,1232155,0.0,0.0,0.0
2025-12-01 10:00:00-05:00,681.4550170898438,681.7899780273438,680.8099975585938,680.97998046875,1076130,0.0,0.0,0.0
2025-12-01 10:05:00-05:00,680.97998046875,681.3699951171875,680.6199951171875,680.9199829101562,671945,0.0,0.0,0.0
2025-12-01 10:10:00-05:00,680.9099731445312,681.280029296875,680.6320190429688,680.7999877929688,1740994,0.0,0.0,0.0
2025-12-01 10:15:00-05:00,680.8200073242188,681.0499877929688,680.489990234375,680.8250122070312,684763,0.0,0.0,0.0
2025-12-01 10:20:00-05:00,680.7899780273438,680.8900146484375,680.02001953125,680.1099853515625,862559,0.0,0.0,0.0
2025-12-01 10:25:00-05:00,680.094970703125,680.22998046875,679.5900268554688,679.8300170898438,647552,0.0,0.0,0.0
2025-12-01 10:30:00-05:00,679.8400268554688,679.969970703125,679.010009765625,679.1300048828125,711295,0.0,0.0,0.0
2025-12-01 10:35:00-05:00,679.1199951171875,680.1900024414062,678.8400268554688,680.1199951171875,682349,0.0,0.0,0.0
2025-12-01 10:40:00-05:00,680.1300048828125,680.4299926757812,679.780029296875,680.1300048828125,516819,0.0,0.0,0.0
2025-12-01 10:45:00-05:00,680.1400146484375,680.4641723632812,679.8599853515625,680.239990234375,294992,0.0,0.0,0.0
2025-12-01 10:50:00-05:00,680.25,681.760009765625,680.1300048828125,681.6500244140625,828619,0.0,0.0,0.0
2025-12-01 10:55:00-05:00,681.6599731445312,681.8300170898438,681.47998046875,681.6400146484375,851401,0.0,0.0,0.0
2025-12-01 11:00:00-05:00,681.6500244140625,681.780029296875,681.4500122070312,681.6900024414062,341170,0.0,0.0,0.0
2025-12-01 11:05:00-05:00,681.6799926757812,681.7999267578125,680.3699951171875,680.9099731445312,529104,0.0,0.0,0.0
2025-12-01 11:10:00-05:00,680.9099731445312,681.1400146484375,680.4199829101562,680.5800170898438,372933,0.0,0.0,0.0
2025-12-01 11:15:00-05:00,680.5700073242188,680.8499755859375,680.1199951171875,680.6170043945312,354961,0.0,0.0,0.0
2025-12-01 11:20:00-05:00,680.6099853515625,681.219970703125,680.5900268554688,680.9199829101562,282732,0.0,0.0,0.0
2025-12-01 11:25:00-05:00,680.9500122070312,681.2800903320312,680.8099975585938,681.0798950195312,261738,0.0,0.0,0.0
2025-12-01 11:30:00-05:00,681.0800170898438,681.5399780273438,681.0700073242188,681.3900146484375,340639,0.0,0.0,0.0
2025-12-01 11:35:00-05:00,681.3800048828125,681.6500244140625,681.27001953125,681.4799194335938,262920,0.0,0.0,0.0
2025-12-01 11:40:00-05:00,681.469970703125,682.3099975585938,681.22998046875,682.0501098632812,581155,0.0,0.0,0.0
2025-12-01 11:45:00-05:00,682.0599975585938,682.4400024414062,681.969970703125,682.1900024414062,447491,0.0,0.0,0.0
2025-12-01 11:50:00-05:00,682.2000122070312,682.3099975585938,681.8400268554688,681.9500122070312,247424,0.0,0.0,0.0
2025-12-01 11:55:00-05:00,681.9099731445312,682.0999755859375,681.72998046875,681.9249877929688,296257,0.0,0.0,0.0
2025-12-01 12:00:00-05:00,681.9600219726562,682.3300170898438,681.8200073242188,682.2100219726562,248715,0.0,0.0,0.0
2025-12-01 12:05:00-05:00,682.2000122070312,682.510009765625,682.0900268554688,682.1300048828125,418037,0.0,0.0,0.0
2025-12-01 12:10:00-05:00,682.1400146484375,682.3400268554688,681.8400268554688,681.8599853515625,292402,0.0,0.0,0.0
2025-12-01 12:15:00-05:00,681.8499755859375,681.9199829101562,681.2949829101562,681.6699829101562,434834,0.0,0.0,0.0
2025-12-01 12:20:00-05:00,681.6599731445312,681.9598999023438,681.5,681.7891235351562,192942,0.0,0.0,0.0
2025-12-01 12:25:00-05:00,681.7999877929688,682.1699829101562,681.6290283203125,682.010009765625,206566,0.0,0.0,0.0
2025-12-01 12:30:00-05:00,682.0,682.177978515625,681.72998046875,681.969970703125,177575,0.0,0.0,0.0
2025-12-01 12:35:00-05:00,681.97998046875,682.22998046875,681.760009765625,681.8699951171875,205559,0.0,0.0,0.0
2025-12-01 12:40:00-05:00,681.8499755859375,682.5784301757812,681.8400268554688,682.5784301757812,379826,0.0,0.0,0.0
2025-12-01 12:45:00-05:00,682.5800170898438,682.7899780273438,682.4826049804688,682.5364990234375,333788,0.0,0.0,0.0
2025-12-01 12:50:00-05:00,682.530029296875,682.5399169921875,682.0599975585938,682.1500244140625,228963,0.0,0.0,0.0
2025-12-01 12:55:00-05:00,682.2000122070312,682.2899780273438,681.8699951171875,682.030029296875,246531,0.0,0.0,0.0
2025-12-01 13:00:00-05:00,682.0399780273438,682.4199829101562,681.9749755859375,682.3400268554688,297657,0.0,0.0,0.0
2025-12-01 13:05:00-05:00,682.3499755859375,682.510009765625,682.1799926757812,682.4099731445312,233157,0.0,0.0,0.0
2025-12-01 13:10:00-05:00,682.3900146484375,682.7100219726562,682.3300170898438,682.6300048828125,398522,0.0,0.0,0.0
2025-12-01 13:15:00-05:00,682.6199951171875,682.7899780273438,682.3499755859375,682.5280151367188,257949,0.0,0.0,0.0
2025-12-01 13:20:00-05:00,682.52001953125,682.5399780273438,682.3200073242188,682.5,218651,0.0,0.0,0.0
2025-12-01 13:25:00-05:00,682.5098876953125,682.6624755859375,682.4099731445312,682.47998046875,180615,0.0,0.0,0.0
2025-12-01 13:30:00-05:00,682.5,682.75,682.489990234375,682.719970703125,244038,0.0,0.0,0.0
2025-12-01 13:35:00-05:00,682.7100219726562,682.8499755859375,682.6599731445312,682.7750244140625,305493,0.0,0.0,0.0
2025-12-01 13:40:00-05:00,682.7750244140625,682.8300170898438,682.5999755859375,682.7899780273438,273084,0.0,0.0,0.0
2025-12-01 13:45:00-05:00,682.780029296875,682.9650268554688,682.6699829101562,682.72998046875,287468,0.0,0.0,0.0
2025-12-01 13:50:00-05:00,682.739990234375,682.989990234375,682.739990234375,682.8599853515625,286214,0.0,0.0,0.0
2025-12-01 13:55:00-05:00,682.8599853515625,682.9600219726562,682.8200073242188,682.8204956054688,401183,0.0,0.0,0.0
2025-12-01 14:00:00-05:00,682.8200073242188,682.8493041992188,682.0999755859375,682.2550048828125,745431,0.0,0.0,0.0
2025-12-01 14:05:00-05:00,682.25,682.25,681.8499755859375,681.980712890625,411886,0.0,0.0,0.0
2025-12-01 14:10:00-05:00,681.97998046875,682.02001953125,681.54638671875,681.97998046875,418098,0.0,0.0,0.0
2025-12-01 14:15:00-05:00,681.989990234375,681.989990234375,681.239990234375,681.5150146484375,548991,0.0,0.0,0.0
2025-12-01 14:20:00-05:00,681.52001953125,681.6699829101562,680.7150268554688,680.9099731445312,1175836,0.0,0.0,0.0
2025-12-01 14:25:00-05:00,680.9000244140625,681.0499877929688,680.47998046875,680.5999755859375,905353,0.0,0.0,0.0
2025-12-01 14:30:00-05:00,680.60498046875,680.6199951171875,679.8200073242188,680.4099731445312,941204,0.0,0.0,0.0
2025-12-01 14:35:00-05:00,680.4299926757812,681.094970703125,680.3699951171875,680.989990234375,830599,0.0,0.0,0.0
2025-12-01 14:40:00-05:00,681.0,681.030029296875,680.219970703125,680.260009765625,453055,0.0,0.0,0.0
2025-12-01 14:45:00-05:00,680.27001953125,680.5700073242188,680.1500244140625,680.239990234375,429537,0.0,0.0,0.0
2025-12-01 14:50:00-05:00,680.239990234375,680.6199951171875,679.989990234375,680.4400024414062,556590,0.0,0.0,0.0
2025-12-01 14:55:00-05:00,680.4199829101562,680.510009765625,680.094970703125,680.219970703125,405735,0.0,0.0,0.0
2025-12-01 15:00:00-05:00,680.2000122070312,680.510009765625,680.030029296875,680.3699951171875,483641,0.0,0.0,0.0
2025-12-01 15:05:00-05:00,680.3800048828125,680.6300048828125,680.25,680.4949951171875,527077,0.0,0.0,0.0
2025-12-01 15:10:00-05:00,680.4949951171875,681.0150146484375,680.4887084960938,680.9243774414062,486874,0.0,0.0,0.0
2025-12-01 15:15:00-05:00,680.9099731445312,680.969970703125,680.2899780273438,680.4600219726562,571628,0.0,0.0,0.0
2025-12-01 15:20:00-05:00,680.4550170898438,680.6699829101562,680.35009765625,680.469970703125,436439,0.0,0.0,0.0
2025-12-01 15:25:00-05:00,680.469970703125,680.760009765625,680.3699951171875,680.72998046875,324882,0.0,0.0,0.0
2025-12-01 15:30:00-05:00,680.719970703125,680.8599853515625,680.27001953125,680.52001953125,628280,0.0,0.0,0.0
2025-12-01 15:35:00-05:00,680.52001953125,680.989990234375,680.5100708007812,680.97998046875,621863,0.0,0.0,0.0
2025-12-01 15:40:00-05:00,680.9949951171875,681.0700073242188,680.56201171875,680.9749755859375,884265,0.0,0.0,0.0
2025-12-01 15:45:00-05:00,680.9749755859375,681.0599975585938,680.385009765625,680.5,938758,0.0,0.0,0.0
2025-12-01 15:50:00-05:00,680.510009765625,680.8200073242188,679.9000244140625,679.97998046875,2203481,0.0,0.0,0.0
2025-12-01 15:55:00-05:00,679.9600219726562,680.4199829101562,679.375,680.27001953125,9905367,0.0,0.0,0.0
2025-12-02 09:30:00-05:00,681.9199829101562,682.1900024414062,681.6300048828125,681.8200073242188,2215737,0.0,0.0,0.0
2025-12-02 09:35:00-05:00,681.8300170898438,682.9600219726562,681.780029296875,682.7150268554688,1167173,0.0,0.0,0.0
2025-12-02 09:40:00-05:00,682.719970703125,682.9100952148438,682.0399780273438,682.4099731445312,947411,0.0,0.0,0.0
2025-12-02 09:45:00-05:00,682.4400024414062,682.5900268554688,681.75,681.9600219726562,635440,0.0,0.0,0.0
2025-12-02 09:50:00-05:00,681.969970703125,682.3499755859375,681.530029296875,681.580078125,566277,0.0,0.0,0.0
2025-12-02 09:55:00-05:00,681.5800170898438,682.530029296875,681.489990234375,682.3300170898438,616122,0.0,0.0,0.0
2025-12-02 10:00:00-05:00,682.3300170898438,683.1099853515625,682.2319946289062,683.030029296875,871906,0.0,0.0,0.0
2025-12-02 10:05:00-05:00,683.0399780273438,683.280029296875,682.739990234375,683.0656127929688,725642,0.0,0.0,0.0
2025-12-02 10:10:00-05:00,683.0700073242188,683.094970703125,682.2999877929688,682.9949951171875,703139,0.0,0.0,0.0
2025-12-02 10:15:00-05:00,682.9949951171875,683.234619140625,682.8599853515625,683.0784912109375,496243,0.0,0.0,0.0
2025-12-02 10:20:00-05:00,683.0700073242188,683.1400146484375,682.5599975585938,683.10009765625,531957,0.0,0.0,0.0
2025-12-02 10:25:00-05:00,683.1099853515625,683.219970703125,681.4199829101562,681.5800170898438,879544,0.0,0.0,0.0
2025-12-02 10:30:00-05:00,681.5900268554688,681.8599853515625,680.8499755859375,681.2000122070312,1047767,0.0,0.0,0.0
2025-12-02 10:35:00-05:00,681.2000122070312,681.6998901367188,680.9149780273438,681.3900146484375,786677,0.0,0.0,0.0
2025-12-02 10:40:00-05:00,681.4000244140625,682.8499755859375,681.3200073242188,682.7100219726562,725421,0.0,0.0,0.0
2025-12-02 10:45:00-05:00,682.719970703125,683.3800048828125,682.5728149414062,683.2750244140625,850888,0.0,0.0,0.0
2025-12-02 10:50:00-05:00,683.2750244140625,683.6799926757812,683.2000122070312,683.3300170898438,759610,0.0,0.0,0.0
2025-12-02 10:55:00-05:00,683.3400268554688,683.6199951171875,683.27001953125,683.510009765625,639316,0.0,0.0,0.0
2025-12-02 11:00:00-05:00,683.510009765625,683.8200073242188,682.9949951171875,683.5800170898438,979255,0.0,0.0,0.0
2025-12-02 11:05:00-05:00,683.5900268554688,683.5900268554688,682.5700073242188,682.6699829101562,697036,0.0,0.0,0.0
2025-12-02 11:10:00-05:00,682.6799926757812,682.8800048828125,681.2100219726562,681.5399780273438,1308480,0.0,0.0,0.0
2025-12-02 11:15:00-05:00,681.5499877929688,681.8599853515625,681.030029296875,681.4400024414062,900555,0.0,0.0,0.0
2025-12-02 11:20:00-05:00,681.4400024414062,681.760009765625,680.030029296875,680.0999755859375,981187,0.0,0.0,0.0
2025-12-02 11:25:00-05:00,680.0800170898438,680.5671997070312,679.6699829101562,680.010009765625,1154286,0.0,0.0,0.0
2025-12-02 11:30:00-05:00,679.969970703125,680.4400024414062,679.3275146484375,680.030029296875,1023134,0.0,0.0,0.0
2025-12-02 11:35:00-05:00,680.030029296875,680.8699951171875,679.9500122070312,680.8604736328125,710143,0.0,0.0,0.0
2025-12-02 11:40:00-05:00,680.9000244140625,681.239990234375,680.4400024414062,680.4400024414062,702216,0.0,0.0,0.0
2025-12-02 11:45:00-05:00,680.4099731445312,680.8699951171875,680.1799926757812,680.5,514491,0.0,0.0,0.0
2025-12-02 11:50:00-05:00,680.530029296875,681.02001953125,680.4000244140625,680.8800048828125,417039,0.0,0.0,0.0
2025-12-02 11:55:00-05:00,680.9000244140625,681.27001953125,680.3800048828125,680.5599975585938,516737,0.0,0.0,0.0
2025-12-02 12:00:00-05:00,680.5800170898438,681.39501953125,680.47998046875,681.02001953125,394012,0.0,0.0,0.0
2025-12-02 12:05:00-05:00,681.0,681.219970703125,680.5499877929688,680.5744018554688,289026,0.0,0.0,0.0
2025-12-02 12:10:00-05:00,680.5499877929688,681.260009765625,680.5001220703125,681.2481079101562,325338,0.0,0.0,0.0
2025-12-02 12:15:00-05:00,681.239990234375,682.25,681.1900024414062,682.1599731445312,708040,0.0,0.0,0.0
2025-12-02 12:20:00-05:00,682.1799926757812,682.5150146484375,681.9199829101562,682.0599975585938,585594,0.0,0.0,0.0
2025-12-02 12:25:00-05:00,682.0650024414062,682.6500244140625,681.989990234375,682.4400024414062,352448,0.0,0.0,0.0
2025-12-02 12:30:00-05:00,682.4400024414062,682.8400268554688,682.4400024414062,682.5499877929688,494633,0.0,0.0,0.0
2025-12-02 12:35:00-05:00,682.5499877929688,682.5700073242188,682.0,682.1505126953125,353400,0.0,0.0,0.0
2025-12-02 12:40:00-05:00,682.1599731445312,682.4000244140625,681.9400024414062,682.27001953125,235762,0.0,0.0,0.0
2025-12-02 12:45:00-05:00,682.2750244140625,682.4509887695312,682.0573120117188,682.25,199357,0.0,0.0,0.0
2025-12-02 12:50:00-05:00,682.2550048828125,682.3499755859375,681.1400146484375,681.3250122070312,624674,0.0,0.0,0.0
2025-12-02 12:55:00-05:00,681.3300170898438,681.4000244140625,680.1300048828125,680.1400146484375,645315,0.0,0.0,0.0
2025-12-02 13:00:00-05:00,680.1300048828125,681.0499877929688,679.9299926757812,680.739990234375,616772,0.0,0.0,0.0
2025-12-02 13:05:00-05:00,680.739990234375,681.489990234375,680.6799926757812,681.0599975585938,390004,0.0,0.0,0.0
2025-12-02 13:10:00-05:00,681.030029296875,681.125,680.6199951171875,680.780029296875,636048,0.0,0.0,0.0
2025-12-02 13:15:00-05:00,680.780029296875,681.1199951171875,680.5349731445312,681.0399780273438,274383,0.0,0.0,0.0
2025-12-02 13:20:00-05:00,681.02001953125,681.5999755859375,680.9400024414062,681.2999877929688,286470,0.0,0.0,0.0
2025-12-02 13:25:00-05:00,681.2899780273438,681.3400268554688,680.6199951171875,681.0399780273438,348876,0.0,0.0,0.0
2025-12-02 13:30:00-05:00,681.030029296875,681.3699951171875,680.6087036132812,680.760009765625,310391,0.0,0.0,0.0
2025-12-02 13:35:00-05:00,680.739990234375,680.780029296875,680.2600708007812,680.3900146484375,469004,0.0,0.0,0.0
2025-12-02 13:40:00-05:00,680.3900146484375,680.8300170898438,680.219970703125,680.7150268554688,238648,0.0,0.0,0.0
2025-12-02 13:45:00-05:00,680.6900024414062,680.9400024414062,680.4000244140625,680.8699951171875,337535,0.0,0.0,0.0
2025-12-02 13:50:00-05:00,680.8599853515625,681.3200073242188,680.6500244140625,681.2899780273438,249296,0.0,0.0,0.0
2025-12-02 13:55:00-05:00,681.2899780273438,681.3300170898438,680.7100219726562,681.1099853515625,351621,0.0,0.0,0.0
2025-12-02 14:00:00-05:00,681.0999755859375,681.8095092773438,680.9500122070312,681.6599731445312,655852,0.0,0.0,0.0
2025-12-02 14:05:00-05:00,681.6599731445312,681.9400024414062,681.47998046875,681.5999755859375,623095,0.0,0.0,0.0
2025-12-02 14:10:00-05:00,681.6099853515625,681.8599853515625,681.4307861328125,681.6699829101562,587980,0.0,0.0,0.0
2025-12-02 14:15:00-05:00,681.6699829101562,681.8499755859375,681.4299926757812,681.5499877929688,505042,0.0,0.0,0.0
2025-12-02 14:20:00-05:00,681.5449829101562,681.6192016601562,680.760009765625,680.9600219726562,490161,0.0,0.0,0.0
2025-12-02 14:25:00-05:00,680.989990234375,681.4299926757812,680.8350219726562,681.3900146484375,478573,0.0,0.0,0.0
2025-12-02 14:30:00-05:00,681.3699951171875,681.8200073242188,681.3049926757812,681.75,438493,0.0,0.0,0.0
2025-12-02 14:35:00-05:00,681.75,681.8900146484375,681.510009765625,681.7899780273438,713892,0.0,0.0,0.0
2025-12-02 14:40:00-05:00,681.780029296875,681.8900146484375,681.2999877929688,681.5399780273438,736791,0.0,0.0,0.0
2025-12-02 14:45:00-05:00,681.5399780273438,682.0599975585938,681.4199829101562,681.8699951171875,559210,0.0,0.0,0.0
2025-12-02 14:50:00-05:00,681.8699951171875,682.5999755859375,681.77001953125,682.3400268554688,615658,0.0,0.0,0.0
2025-12-02 14:55:00-05:00,682.3300170898438,682.6099853515625,682.2100219726562,682.3499755859375,724730,0.0,0.0,0.0
2025-12-02 15:00:00-05:00,682.3599853515625,682.52001953125,682.010009765625,682.1900024414062,637304,0.0,0.0,0.0
2025-12-02 15:05:00-05:00,682.1900024414062,682.4199829101562,682.1154174804688,682.3900146484375,507637,0.0,0.0,0.0
2025-12-02 15:10:00-05:00,682.39501953125,682.6799926757812,682.2100219726562,682.4299926757812,809216,0.0,0.0,0.0
2025-12-02 15:15:00-05:00,682.4600219726562,682.6199951171875,682.3800048828125,682.530029296875,658373,0.0,0.0,0.0
2025-12-02 15:20:00-05:00,682.530029296875,682.7000122070312,682.4500122070312,682.5,512079,0.0,0.0,0.0
2025-12-02 15:25:00-05:00,682.5050048828125,682.6586303710938,682.35009765625,682.5050048828125,687018,0.0,0.0,0.0
2025-12-02 15:30:00-05:00,682.5,682.8800048828125,682.4000244140625,682.739990234375,668015,0.0,0.0,0.0
2025-12-02 15:35:00-05:00,682.7449951171875,682.8200073242188,682.3800048828125,682.4299926757812,890871,0.0,0.0,0.0
2025-12-02 15:40:00-05:00,682.4299926757812,682.6699829101562,682.239990234375,682.489990234375,742970,0.0,0.0,0.0
2025-12-02 15:45:00-05:00,682.47998046875,682.7999877929688,682.3099975585938,682.459228515625,1536361,0.0,0.0,0.0
2025-12-02 15:50:00-05:00,682.4500122070312,682.6300048828125,681.52001953125,681.5800170898438,2316875,0.0,0.0,0.0
2025-12-02 15:55:00-05:00,681.5800170898438,681.880126953125,681.3699951171875,681.47998046875,3322640,0.0,0.0,0.0
2025-12-03 09:30:00-05:00,680.5700073242188,681.3900146484375,679.9400024414062,680.5,3916657,0.0,0.0,0.0
2025-12-03 09:35:00-05:00,680.489990234375,681.3800048828125,680.380126953125,680.75,1324267,0.0,0.0,0.0
2025-12-03 09:40:00-05:00,680.75,681.5,680.6900024414062,680.8809814453125,1052854,0.0,0.0,0.0
2025-12-03 09:45:00-05:00,680.9000244140625,681.1900024414062,680.3350219726562,680.389892578125,745325,0.0,0.0,0.0
2025-12-03 09:50:00-05:00,680.3800048828125,680.9000244140625,679.6900024414062,680.7449951171875,1106171,0.0,0.0,0.0
2025-12-03 09:55:00-05:00,680.7498779296875,680.9600219726562,680.489990234375,680.8699951171875,523714,0.0,0.0,0.0
2025-12-03 10:00:00-05:00,680.9400024414062,682.3400268554688,680.739990234375,682.2000122070312,1265223,0.0,0.0,0.0
2025-12-03 10:05:00-05:00,682.2050170898438,682.2999877929688,681.1699829101562,681.1799926757812,946342,0.0,0.0,0.0
2025-12-03 10:10:00-05:00,681.1699829101562,681.6199951171875,680.8400268554688,681.2100219726562,670022,0.0,0.0,0.0
2025-12-03 10:15:00-05:00,681.22998046875,681.969970703125,681.0999755859375,681.625,600959,0.0,0.0,0.0
2025-12-03 10:20:00-05:00,681.6199951171875,681.8800048828125,681.0399780273438,681.7999877929688,348650,0.0,0.0,0.0
2025-12-03 10:25:00-05:00,681.8400268554688,682.1099853515625,681.530029296875,681.6799926757812,369455,0.0,0.0,0.0
2025-12-03 10:30:00-05:00,681.6500244140625,682.6099853515625,681.3298950195312,682.5999755859375,1123966,0.0,0.0,0.0
2025-12-03 10:35:00-05:00,682.5999755859375,682.9400024414062,681.4600219726562,682.3499755859375,1151741,0.0,0.0,0.0
2025-12-03 10:40:00-05:00,682.3599853515625,682.7650146484375,682.1599731445312,682.635009765625,690556,0.0,0.0,0.0
2025-12-03 10:45:00-05:00,682.6400146484375,682.9099731445312,682.4500122070312,682.5599975585938,438937,0.0,0.0,0.0
2025-12-03 10:50:00-05:00,682.5399780273438,682.780029296875,682.251220703125,682.260009765625,334739,0.0,0.0,0.0
2025-12-03 10:55:00-05:00,682.2650146484375,682.5800170898438,682.0499877929688,682.3162841796875,293995,0.0,0.0,0.0
2025-12-03 11:00:00-05:00,682.3099975585938,682.989990234375,682.280029296875,682.9500122070312,399761,0.0,0.0,0.0
2025-12-03 11:05:00-05:00,682.9600219726562,682.9600219726562,682.2249755859375,682.280029296875,344600,0.0,0.0,0.0
2025-12-03 11:10:00-05:00,682.239990234375,682.3300170898438,681.6599731445312,682.0490112304688,527572,0.0,0.0,0.0
2025-12-03 11:15:00-05:00,682.0399780273438,682.7698974609375,681.9299926757812,682.7698974609375,622173,0.0,0.0,0.0
2025-12-03 11:20:00-05:00,682.77001953125,682.7999877929688,682.0700073242188,682.3143920898438,555993,0.0,0.0,0.0
2025-12-03 11:25:00-05:00,682.2899780273438,682.5670166015625,682.0900268554688,682.385009765625,370101,0.0,0.0,0.0
2025-12-03 11:30:00-05:00,682.385009765625,683.405029296875,682.27001953125,683.3800048828125,593316,0.0,0.0,0.0
2025-12-03 11:35:00-05:00,683.3699951171875,683.5499877929688,683.0700073242188,683.215087890625,512652,0.0,0.0,0.0
2025-12-03 11:40:00-05:00,683.219970703125,683.3150024414062,683.0399780273438,683.2000122070312,368756,0.0,0.0,0.0
2025-12-03 11:45:00-05:00,683.2100219726562,683.3300170898438,682.8699951171875,683.0349731445312,366224,0.0,0.0,0.0
2025-12-03 11:50:00-05:00,683.0349731445312,683.0349731445312,682.4099731445312,682.4249877929688,442814,0.0,0.0,0.0
2025-12-03 11:55:00-05:00,682.4299926757812,682.4400024414062,681.6099853515625,682.2100219726562,719148,0.0,0.0,0.0
2025-12-03 12:00:00-05:00,682.2100219726562,682.7999877929688,682.1799926757812,682.7503051757812,416984,0.0,0.0,0.0
2025-12-03 12:05:00-05:00,682.77001953125,682.8900146484375,682.0999755859375,682.3900146484375,496214,0.0,0.0,0.0
2025-12-03 12:10:00-05:00,682.3699951171875,683.0800170898438,682.239990234375,682.9949951171875,385144,0.0,0.0,0.0
2025-12-03 12:15:00-05:00,683.010009765625,683.219970703125,682.8300170898438,683.1400146484375,387812,0.0,0.0,0.0
2025-12-03 12:20:00-05:00,683.1400146484375,683.7000122070312,683.1300048828125,683.5250244140625,406059,0.0,0.0,0.0
2025-12-03 12:25:00-05:00,683.530029296875,683.6099853515625,683.3800048828125,683.5599975585938,324233,0.0,0.0,0.0
2025-12-03 12:30:00-05:00,683.5499877929688,683.7449951171875,683.419921875,683.4500122070312,425049,0.0,0.0,0.0
2025-12-03 12:35:00-05:00,683.4500122070312,683.6099853515625,683.25,683.5900268554688,556105,0.0,0.0,0.0
2025-12-03 12:40:00-05:00,683.594970703125,683.6649780273438,683.4500122070312,683.6599731445312,187884,0.0,0.0,0.0
2025-12-03 12:45:00-05:00,683.6699829101562,683.8900146484375,683.489990234375,683.8347778320312,660738,0.0,0.0,0.0
2025-12-03 12:50:00-05:00,683.8499755859375,683.8699951171875,683.419921875,683.719970703125,1733842,0.0,0.0,0.0
2025-12-03 12:55:00-05:00,683.719970703125,684.0999755859375,683.6199951171875,683.8900146484375,466640,0.0,0.0,0.0
2025-12-03 13:00:00-05:00,683.89501953125,684.1849975585938,683.8800048828125,683.9500122070312,362442,0.0,0.0,0.0
2025-12-03 13:05:00-05:00,683.9500122070312,684.0399780273438,683.75,683.7899780273438,325883,0.0,0.0,0.0
2025-12-03 13:10:00-05:00,683.780029296875,684.0499877929688,683.6900024414062,684.0250244140625,478589,0.0,0.0,0.0
2025-12-03 13:15:00-05:00,684.030029296875,684.0800170898438,683.7100219726562,683.7100219726562,249852,0.0,0.0,0.0
2025-12-03 13:20:00-05:00,683.719970703125,683.8200073242188,683.4749755859375,683.5700073242188,289943,0.0,0.0,0.0
2025-12-03 13:25:00-05:00,683.5798950195312,683.9199829101562,683.5750122070312,683.9099731445312,404619,0.0,0.0,0.0
2025-12-03 13:30:00-05:00,683.9299926757812,684.1699829101562,683.9149780273438,683.97998046875,336035,0.0,0.0,0.0
2025-12-03 13:35:00-05:00,683.9849853515625,684.1599731445312,683.9349975585938,684.1199951171875,274527,0.0,0.0,0.0
2025-12-03 13:40:00-05:00,684.1199951171875,684.5,684.094970703125,684.4381713867188,419875,0.0,0.0,0.0
2025-12-03 13:45:00-05:00,684.4400024414062,684.489990234375,684.2857055664062,684.3200073242188,367755,0.0,0.0,0.0
2025-12-03 13:50:00-05:00,684.3200073242188,684.4400024414062,684.1199951171875,684.2750244140625,310707,0.0,0.0,0.0
2025-12-03 13:55:00-05:00,684.280029296875,684.35498046875,683.78662109375,683.9149780273438,340525,0.0,0.0,0.0
2025-12-03 14:00:00-05:00,683.9099731445312,684.4199829101562,683.8499755859375,684.27001953125,419252,0.0,0.0,0.0
2025-12-03 14:05:00-05:00,684.27001953125,684.3800048828125,684.0999755859375,684.2999877929688,320137,0.0,0.0,0.0
2025-12-03 14:10:00-05:00,684.3099975585938,684.4298706054688,684.1599731445312,684.385009765625,277485,0.0,0.0,0.0
2025-12-03 14:15:00-05:00,684.3800048828125,684.4099731445312,684.0900268554688,684.2550048828125,366285,0.0,0.0,0.0
2025-12-03 14:20:00-05:00,684.2579956054688,684.4000244140625,684.1900024414062,684.364990234375,297309,0.0,0.0,0.0
2025-12-03 14:25:00-05:00,684.3699951171875,684.4400024414062,684.2550048828125,684.3300170898438,260248,0.0,0.0,0.0
2025-12-03 14:30:00-05:00,684.3300170898438,684.3699951171875,684.1649780273438,684.27001953125,335479,0.0,0.0,0.0
2025-12-03 14:35:00-05:00,684.27001953125,684.375,684.1900024414062,684.3300170898438,359451,0.0,0.0,0.0
2025-12-03 14:40:00-05:00,684.3200073242188,684.6099853515625,684.2999877929688,684.572021484375,582275,0.0,0.0,0.0
2025-12-03 14:45:00-05:00,684.5700073242188,684.5900268554688,684.4149780273438,684.5650024414062,283812,0.0,0.0,0.0
2025-12-03 14:50:00-05:00,684.5700073242188,684.739990234375,684.5599975585938,684.6500244140625,403228,0.0,0.0,0.0
2025-12-03 14:55:00-05:00,684.64501953125,684.72998046875,684.5599975585938,684.625,499923,0.0,0.0,0.0
2025-12-03 15:00:00-05:00,684.6300048828125,684.760009765625,684.5599975585938,684.5599975585938,460710,0.0,0.0,0.0
2025-12-03 15:05:00-05:00,684.5599975585938,684.6799926757812,684.4500122070312,684.6199951171875,522746,0.0,0.0,0.0
2025-12-03 15:10:00-05:00,684.6199951171875,684.9099731445312,684.6099853515625,684.719970703125,634402,0.0,0.0,0.0
2025-12-03 15:15:00-05:00,684.719970703125,684.8364868164062,684.5599975585938,684.5800170898438,458558,0.0,0.0,0.0
2025-12-03 15:20:00-05:00,684.5900268554688,684.6799926757812,684.4600219726562,684.52001953125,525186,0.0,0.0,0.0
2025-12-03 15:25:00-05:00,684.52001953125,684.5999145507812,684.1900024414062,684.522705078125,825965,0.0,0.0,0.0
2025-12-03 15:30:00-05:00,684.5250244140625,684.5700073242188,684.2550048828125,684.2550048828125,631059,0.0,0.0,0.0
2025-12-03 15:35:00-05:00,684.25,684.4099731445312,684.1900024414062,684.3499755859375,970643,0.0,0.0,0.0
2025-12-03 15:40:00-05:00,684.344970703125,684.510009765625,684.25,684.4749755859375,885691,0.0,0.0,0.0
2025-12-03 15:45:00-05:00,684.469970703125,684.6199951171875,684.260009765625,684.3599853515625,972930,0.0,0.0,0.0
2025-12-03 15:50:00-05:00,684.3499755859375,684.4099731445312,683.5499877929688,683.7249755859375,1956900,0.0,0.0,0.0
2025-12-03 15:55:00-05:00,683.719970703125,683.9400024414062,683.5700073242188,683.8099975585938,5226987,0.0,0.0,0.0
2025-12-04 09:30:00-05:00,685.2999877929688,685.3499755859375,683.7999877929688,683.9099731445312,2556468,0.0,0.0,0.0
2025-12-04 09:35:00-05:00,683.9199829101562,684.7598876953125,683.6300048828125,684.4500122070312,1182516,0.0,0.0,0.0
2025-12-04 09:40:00-05:00,684.4600219726562,684.9500122070312,683.7000122070312,683.8599243164062,1109274,0.0,0.0,0.0
2025-12-04 09:45:00-05:00,683.8400268554688,684.1300048828125,683.3499755859375,683.5,1055314,0.0,0.0,0.0
2025-12-04 09:50:00-05:00,683.489990234375,683.7100219726562,682.8599853515625,683.4000244140625,853814,0.0,0.0,0.0
2025-12-04 09:55:00-05:00,683.3900146484375,683.8499755859375,682.75,683.0449829101562,882475,0.0,0.0,0.0
2025-12-04 10:00:00-05:00,683.0599975585938,683.4600219726562,682.8699951171875,683.1849975585938,635451,0.0,0.0,0.0
2025-12-04 10:05:00-05:00,683.1799926757812,683.5399780273438,682.9600219726562,683.3499755859375,770420,0.0,0.0,0.0
2025-12-04 10:10:00-05:00,683.3099975585938,683.4099731445312,682.6671142578125,683.1699829101562,560250,0.0,0.0,0.0
2025-12-04 10:15:00-05:00,683.1599731445312,683.6799926757812,682.8900146484375,683.3800048828125,614266,0.0,0.0,0.0
2025-12-04 10:20:00-05:00,683.3800048828125,683.8099975585938,682.969970703125,683.010009765625,592097,0.0,0.0,0.0
2025-12-04 10:25:00-05:00,683.0,683.6500244140625,682.1699829101562,683.594970703125,778302,0.0,0.0,0.0
2025-12-04 10:30:00-05:00,683.5900268554688,683.9299926757812,683.3900146484375,683.8250122070312,1446744,0.0,0.0,0.0
2025-12-04 10:35:00-05:00,683.8300170898438,684.530029296875,683.7899780273438,684.4500122070312,750272,0.0,0.0,0.0
2025-12-04 10:40:00-05:00,684.4600219726562,684.5599975585938,684.02001953125,684.22998046875,853929,0.0,0.0,0.0
2025-12-04 10:45:00-05:00,684.239990234375,684.3300170898438,683.3800048828125,683.75,665618,0.0,0.0,0.0
2025-12-04 10:50:00-05:00,683.760009765625,683.7899780273438,683.1320190429688,683.4099731445312,802764,0.0,0.0,0.0
2025-12-04 10:55:00-05:00,683.4400024414062,683.5399780273438,683.22998046875,683.2899780273438,404335,0.0,0.0,0.0
2025-12-04 11:00:00-05:00,683.280029296875,683.5999755859375,682.5700073242188,682.7100219726562,684500,0.0,0.0,0.0
2025-12-04 11:05:00-05:00,682.6699829101562,683.1743774414062,682.2100219726562,683.1599731445312,892599,0.0,0.0,0.0
2025-12-04 11:10:00-05:00,683.1799926757812,683.280029296875,682.5599975585938,683.0499877929688,423557,0.0,0.0,0.0
2025-12-04 11:15:00-05:00,683.0499877929688,683.5499877929688,682.8400268554688,683.510009765625,312086,0.0,0.0,0.0
2025-12-04 11:20:00-05:00,683.510009765625,683.739990234375,683.3150024414062,683.6900024414062,500002,0.0,0.0,0.0
2025-12-04 11:25:00-05:00,683.6900024414062,683.760009765625,683.010009765625,683.351318359375,417801,0.0,0.0,0.0
2025-12-04 11:30:00-05:00,683.3099975585938,683.6400146484375,682.9650268554688,683.143310546875,419377,0.0,0.0,0.0
2025-12-04 11:35:00-05:00,683.14501953125,683.5999755859375,682.989990234375,683.219970703125,456692,0.0,0.0,0.0
2025-12-04 11:40:00-05:00,683.22998046875,683.2451782226562,682.8599853515625,683.010009765625,405017,0.0,0.0,0.0
2025-12-04 11:45:00-05:00,683.010009765625,684.0399780273438,683.010009765625,683.969970703125,682638,0.0,0.0,0.0
2025-12-04 11:50:00-05:00,683.97998046875,684.3900146484375,683.9000244140625,684.22998046875,557811,0.0,0.0,0.0
2025-12-04 11:55:00-05:00,684.219970703125,684.5599975585938,684.14501953125,684.4199829101562,442640,0.0,0.0,0.0
2025-12-04 12:00:00-05:00,684.4000244140625,684.5800170898438,684.1199951171875,684.1799926757812,571900,0.0,0.0,0.0
2025-12-04 12:05:00-05:00,684.1749877929688,684.1900024414062,683.510009765625,683.6799926757812,423251,0.0,0.0,0.0
2025-12-04 12:10:00-05:00,683.6900024414062,684.1400146484375,683.3699951171875,684.1199951171875,549328,0.0,0.0,0.0
2025-12-04 12:15:00-05:00,684.1199951171875,684.2100830078125,683.8200073242188,684.1207275390625,1343049,0.0,0.0,0.0
2025-12-04 12:20:00-05:00,684.125,684.3300170898438,683.8900146484375,684.0,1064182,0.0,0.0,0.0
2025-12-04 12:25:00-05:00,684.010009765625,684.2899780273438,683.969970703125,684.02001953125,437425,0.0,0.0,0.0
2025-12-04 12:30:00-05:00,684.030029296875,684.0599975585938,683.594970703125,683.9349975585938,385297,0.0,0.0,0.0
2025-12-04 12:35:00-05:00,683.9400024414062,684.3699951171875,683.9199829101562,683.9346923828125,432087,0.0,0.0,0.0
2025-12-04 12:40:00-05:00,683.9400024414062,684.2200927734375,683.7349853515625,684.1799926757812,309562,0.0,0.0,0.0
2025-12-04 12:45:00-05:00,684.1900024414062,684.3400268554688,684.0449829101562,684.0800170898438,309462,0.0,0.0,0.0
2025-12-04 12:50:00-05:00,684.0800170898438,684.4500122070312,684.0449829101562,684.4299926757812,214847,0.0,0.0,0.0
2025-12-04 12:55:00-05:00,684.4400024414062,684.4949951171875,684.22998046875,684.3049926757812,292690,0.0,0.0,0.0
2025-12-04 13:00:00-05:00,684.2899780273438,684.4099731445312,684.1199951171875,684.2000122070312,231259,0.0,0.0,0.0
2025-12-04 13:05:00-05:00,684.1799926757812,684.1900024414062,683.4650268554688,683.77001953125,612537,0.0,0.0,0.0
2025-12-04 13:10:00-05:00,683.780029296875,684.0650024414062,683.5,684.030029296875,564383,0.0,0.0,0.0
2025-12-04 13:15:00-05:00,684.0399780273438,684.4000244140625,683.9600219726562,684.0250244140625,312834,0.0,0.0,0.0
2025-12-04 13:20:00-05:00,684.030029296875,684.4199829101562,684.02001953125,684.4000244140625,257774,0.0,0.0,0.0
2025-12-04 13:25:00-05:00,684.3900146484375,684.77001953125,684.3099975585938,684.6774291992188,413368,0.0,0.0,0.0
2025-12-04 13:30:00-05:00,684.6699829101562,684.75,684.4099731445312,684.530029296875,372331,0.0,0.0,0.0
2025-12-04 13:35:00-05:00,684.530029296875,684.5798950195312,684.3049926757812,684.48828125,267975,0.0,0.0,0.0
2025-12-04 13:40:00-05:00,684.47998046875,684.5349731445312,683.9099731445312,684.0999755859375,521917,0.0,0.0,0.0
2025-12-04 13:45:00-05:00,684.1099853515625,684.3184814453125,684.030029296875,684.0999145507812,401288,0.0,0.0,0.0
2025-12-04 13:50:00-05:00,684.0900268554688,684.3599853515625,684.0698852539062,684.280029296875,561048,0.0,0.0,0.0
2025-12-04 13:55:00-05:00,684.2849731445312,684.3400268554688,684.0800170898438,684.1199951171875,215460,0.0,0.0,0.0
2025-12-04 14:00:00-05:00,684.1099853515625,684.22998046875,683.9199829101562,683.9398803710938,393796,0.0,0.0,0.0
2025-12-04 14:05:00-05:00,683.9249877929688,684.2180786132812,683.75,683.9526977539062,1110360,0.0,0.0,0.0
2025-12-04 14:10:00-05:00,683.9400024414062,683.9600219726562,683.4100952148438,683.6224975585938,568480,0.0,0.0,0.0
2025-12-04 14:15:00-05:00,683.6199951171875,683.6199951171875,682.510009765625,682.5650024414062,1127216,0.0,0.0,0.0
2025-12-04 14:20:00-05:00,682.5599975585938,682.635498046875,681.3400268554688,681.8668212890625,1707720,0.0,0.0,0.0
2025-12-04 14:25:00-05:00,681.8699951171875,682.6300048828125,681.8099975585938,682.1799926757812,822035,0.0,0.0,0.0
2025-12-04 14:30:00-05:00,682.1900024414062,683.0700073242188,681.989990234375,683.0579833984375,660079,0.0,0.0,0.0
2025-12-04 14:35:00-05:00,683.0650024414062,683.9600219726562,683.0599975585938,683.4299926757812,1298695,0.0,0.0,0.0
2025-12-04 14:40:00-05:00,683.4299926757812,683.5900268554688,683.0900268554688,683.4000244140625,710747,0.0,0.0,0.0
2025-12-04 14:45:00-05:00,683.4099731445312,683.7999877929688,683.3300170898438,683.530029296875,510965,0.0,0.0,0.0
2025-12-04 14:50:00-05:00,683.5499877929688,683.6699829101562,683.260009765625,683.469970703125,474273,0.0,0.0,0.0
2025-12-04 14:55:00-05:00,683.4600219726562,683.6900024414062,683.0399780273438,683.22998046875,920219,0.0,0.0,0.0
2025-12-04 15:00:00-05:00,683.239990234375,683.3800048828125,682.8300170898438,682.8400268554688,640804,0.0,0.0,0.0
2025-12-04 15:05:00-05:00,682.8200073242188,682.989990234375,682.3099975585938,682.9199829101562,909901,0.0,0.0,0.0
2025-12-04 15:10:00-05:00,682.9266967773438,683.4600219726562,682.8800048828125,683.2899780273438,750122,0.0,0.0,0.0
2025-12-04 15:15:00-05:00,683.2899780273438,683.3400268554688,682.9000244140625,683.25,591005,0.0,0.0,0.0
2025-12-04 15:20:00-05:00,683.2650146484375,683.3400268554688,682.97998046875,682.989990234375,552227,0.0,0.0,0.0
2025-12-04 15:25:00-05:00,682.9801025390625,683.1798706054688,682.75,682.7501220703125,631020,0.0,0.0,0.0
2025-12-04 15:30:00-05:00,682.760009765625,683.239990234375,682.7000122070312,683.114990234375,490760,0.0,0.0,0.0
2025-12-04 15:35:00-05:00,683.1290283203125,683.3099975585938,682.9099731445312,683.2550048828125,539789,0.0,0.0,0.0
2025-12-04 15:40:00-05:00,683.260009765625,683.3099975585938,682.875,682.9550170898438,585975,0.0,0.0,0.0
2025-12-04 15:45:00-05:00,682.9600219726562,683.1799926757812,682.77001953125,683.1099853515625,1192326,0.0,0.0,0.0
2025-12-04 15:50:00-05:00,683.1199951171875,683.97998046875,683.1199951171875,683.7050170898438,1731924,0.0,0.0,0.0
2025-12-04 15:55:00-05:00,683.7000122070312,684.5800170898438,683.6500244140625,684.4000244140625,3665511,0.0,0.0,0.0
2025-12-05 09:30:00-05:00,685.469970703125,686.5599975585938,685.4600219726562,686.0700073242188,3635955,0.0,0.0,0.0
2025-12-05 09:35:00-05:00,686.0599975585938,686.4299926757812,685.8400268554688,685.9901123046875,1117832,0.0,0.0,0.0
2025-12-05 09:40:00-05:00,686.010009765625,686.1900024414062,685.3200073242188,685.8300170898438,1146458,0.0,0.0,0.0
2025-12-05 09:45:00-05:00,685.8400268554688,686.5599975585938,685.8099975585938,686.5599975585938,777555,0.0,0.0,0.0
2025-12-05 09:50:00-05:00,686.5599975585938,687.030029296875,686.2100219726562,686.9299926757812,837147,0.0,0.0,0.0
2025-12-05 09:55:00-05:00,686.9299926757812,687.010009765625,686.5499877929688,686.89501953125,793237,0.0,0.0,0.0
2025-12-05 10:00:00-05:00,686.9199829101562,687.77001953125,686.7249755859375,687.6256103515625,1310515,0.0,0.0,0.0
2025-12-05 10:05:00-05:00,687.6199951171875,688.0050048828125,687.5501098632812,687.780029296875,1167599,0.0,0.0,0.0
2025-12-05 10:10:00-05:00,687.780029296875,688.25,687.77001953125,688.2128295898438,977861,0.0,0.0,0.0
2025-12-05 10:15:00-05:00,688.239990234375,688.2999877929688,687.8300170898438,687.9099731445312,768692,0.0,0.0,0.0
2025-12-05 10:20:00-05:00,687.9249877929688,688.2849731445312,687.760009765625,688.1671142578125,643976,0.0,0.0,0.0
2025-12-05 10:25:00-05:00,688.1799926757812,688.1799926757812,687.5809936523438,687.885009765625,661168,0.0,0.0,0.0
2025-12-05 10:30:00-05:00,687.8800048828125,688.3900146484375,687.8499755859375,688.2999877929688,673865,0.0,0.0,0.0
2025-12-05 10:35:00-05:00,688.3099975585938,688.3400268554688,687.8699951171875,687.9099731445312,579983,0.0,0.0,0.0
2025-12-05 10:40:00-05:00,687.9155883789062,687.98779296875,687.5800170898438,687.7100219726562,603415,0.0,0.0,0.0
2025-12-05 10:45:00-05:00,687.7000122070312,688.1599731445312,687.260009765625,687.969970703125,654407,0.0,0.0,0.0
2025-12-05 10:50:00-05:00,687.9600219726562,687.9749755859375,686.9400024414062,687.2000122070312,920448,0.0,0.0,0.0
2025-12-05 10:55:00-05:00,687.1799926757812,687.1967163085938,686.260009765625,686.6699829101562,1275822,0.0,0.0,0.0
2025-12-05 11:00:00-05:00,686.6699829101562,687.1199951171875,686.5167846679688,686.6400146484375,560035,0.0,0.0,0.0
2025-12-05 11:05:00-05:00,686.5999755859375,686.9849853515625,686.3499755859375,686.4349975585938,592457,0.0,0.0,0.0
2025-12-05 11:10:00-05:00,686.4349975585938,686.6199951171875,686.0700073242188,686.1199951171875,653638,0.0,0.0,0.0
2025-12-05 11:15:00-05:00,686.0999755859375,686.22998046875,685.7000122070312,685.9400024414062,1191382,0.0,0.0,0.0
2025-12-05 11:20:00-05:00,685.9299926757812,686.6799926757812,685.75,686.27001953125,624147,0.0,0.0,0.0
2025-12-05 11:25:00-05:00,686.260009765625,686.7899780273438,685.8800048828125,685.9561767578125,464871,0.0,0.0,0.0
2025-12-05 11:30:00-05:00,685.9500122070312,685.9500122070312,685.0999755859375,685.510009765625,1220123,0.0,0.0,0.0
2025-12-05 11:35:00-05:00,685.510009765625,685.85498046875,685.1799926757812,685.3800048828125,478420,0.0,0.0,0.0
2025-12-05 11:40:00-05:00,685.3900146484375,685.6900024414062,685.02001953125,685.380126953125,520527,0.0,0.0,0.0
2025-12-05 11:45:00-05:00,685.3900146484375,685.7949829101562,685.3049926757812,685.7249755859375,453906,0.0,0.0,0.0
2025-12-05 11:50:00-05:00,685.719970703125,686.3099975585938,685.5,686.25,564793,0.0,0.0,0.0
2025-12-05 11:55:00-05:00,686.239990234375,686.6400146484375,686.010009765625,686.02001953125,731249,0.0,0.0,0.0
2025-12-05 12:00:00-05:00,686.02001953125,686.260009765625,685.5900268554688,685.9000244140625,506725,0.0,0.0,0.0
2025-12-05 12:05:00-05:00,685.8800048828125,686.0150146484375,685.469970703125,685.7150268554688,307293,0.0,0.0,0.0
2025-12-05 12:10:00-05:00,685.72998046875,685.739990234375,685.25,685.340087890625,547264,0.0,0.0,0.0
2025-12-05 12:15:00-05:00,685.3400268554688,685.5900268554688,685.239990234375,685.4500122070312,340364,0.0,0.0,0.0
2025-12-05 12:20:00-05:00,685.469970703125,685.6500244140625,685.3200073242188,685.5999755859375,378189,0.0,0.0,0.0
2025-12-05 12:25:00-05:00,685.5999755859375,685.6900024414062,685.3499755859375,685.3900146484375,292121,0.0,0.0,0.0
2025-12-05 12:30:00-05:00,685.4099731445312,685.52001953125,684.969970703125,685.02001953125,452643,0.0,0.0,0.0
2025-12-05 12:35:00-05:00,685.010009765625,685.2999877929688,684.5800170898438,685.239990234375,637026,0.0,0.0,0.0
2025-12-05 12:40:00-05:00,685.2249755859375,685.3300170898438,684.8800048828125,685.260009765625,419245,0.0,0.0,0.0
2025-12-05 12:45:00-05:00,685.260009765625,685.6099853515625,685.0601196289062,685.4000244140625,387066,0.0,0.0,0.0
2025-12-05 12:50:00-05:00,685.4000244140625,686.405029296875,685.3400268554688,686.3599853515625,601164,0.0,0.0,0.0
2025-12-05 12:55:00-05:00,686.3699951171875,686.4299926757812,686.0050048828125,686.25,504475,0.0,0.0,0.0
2025-12-05 13:00:00-05:00,686.2449951171875,686.4400024414062,686.219970703125,686.4000244140625,410365,0.0,0.0,0.0
2025-12-05 13:05:00-05:00,686.4000244140625,686.7000122070312,686.3099975585938,686.6799926757812,440345,0.0,0.0,0.0
2025-12-05 13:10:00-05:00,686.6799926757812,686.7050170898438,686.25,686.280029296875,499785,0.0,0.0,0.0
2025-12-05 13:15:00-05:00,686.2855834960938,686.3314208984375,686.02001953125,686.1199951171875,365071,0.0,0.0,0.0
2025-12-05 13:20:00-05:00,686.1099853515625,686.1199951171875,685.52001953125,685.9367065429688,548023,0.0,0.0,0.0
2025-12-05 13:25:00-05:00,685.9400024414062,686.6500244140625,685.8499755859375,686.5499877929688,369458,0.0,0.0,0.0
2025-12-05 13:30:00-05:00,686.5599975585938,686.969970703125,686.510009765625,686.8599853515625,712152,0.0,0.0,0.0
2025-12-05 13:35:00-05:00,686.8599853515625,686.8900146484375,686.469970703125,686.6400146484375,386739,0.0,0.0,0.0
2025-12-05 13:40:00-05:00,686.6599731445312,686.6599731445312,686.0800170898438,686.4014892578125,466601,0.0,0.0,0.0
2025-12-05 13:45:00-05:00,686.4000244140625,686.530029296875,686.2249755859375,686.5150146484375,301472,0.0,0.0,0.0
2025-12-05 13:50:00-05:00,686.510009765625,686.5599975585938,686.0999755859375,686.3599853515625,234100,0.0,0.0,0.0
2025-12-05 13:55:00-05:00,686.3400268554688,686.4000244140625,686.1400146484375,686.1900024414062,163906,0.0,0.0,0.0
2025-12-05 14:00:00-05:00,686.1900024414062,686.239990234375,685.8200073242188,686.0206298828125,471203,0.0,0.0,0.0
2025-12-05 14:05:00-05:00,686.0,686.25,685.9400024414062,686.2000122070312,345265,0.0,0.0,0.0
2025-12-05 14:10:00-05:00,686.2100219726562,686.4000244140625,686.10498046875,686.3499755859375,208241,0.0,0.0,0.0
2025-12-05 14:15:00-05:00,686.3499755859375,686.3800048828125,685.7449951171875,685.9600219726562,311812,0.0,0.0,0.0
2025-12-05 14:20:00-05:00,685.9500122070312,686.1199951171875,685.639892578125,685.760009765625,359231,0.0,0.0,0.0
2025-12-05 14:25:00-05:00,685.760009765625,686.1799926757812,685.6699829101562,685.9299926757812,675154,0.0,0.0,0.0
2025-12-05 14:30:00-05:00,685.9400024414062,686.1148071289062,685.6420288085938,685.9600219726562,268509,0.0,0.0,0.0
2025-12-05 14:35:00-05:00,685.9299926757812,686.030029296875,685.7000122070312,686.030029296875,332139,0.0,0.0,0.0
2025-12-05 14:40:00-05:00,686.030029296875,686.1199951171875,685.5700073242188,685.7755737304688,435847,0.0,0.0,0.0
2025-12-05 14:45:00-05:00,685.77001953125,685.8099975585938,685.5800170898438,685.7349853515625,349513,0.0,0.0,0.0
2025-12-05 14:50:00-05:00,685.72998046875,686.1199951171875,685.6898803710938,686.0999755859375,915817,0.0,0.0,0.0
2025-12-05 14:55:00-05:00,686.1199951171875,686.3800048828125,686.0499877929688,686.25,467115,0.0,0.0,0.0
2025-12-05 15:00:00-05:00,686.260009765625,686.2999877929688,685.8900146484375,685.9400024414062,389353,0.0,0.0,0.0
2025-12-05 15:05:00-05:00,685.9199829101562,686.0499877929688,685.7899780273438,685.8499755859375,459641,0.0,0.0,0.0
2025-12-05 15:10:00-05:00,685.85498046875,686.030029296875,685.5800170898438,685.994384765625,406211,0.0,0.0,0.0
2025-12-05 15:15:00-05:00,685.989990234375,686.280029296875,685.9600219726562,686.219970703125,649061,0.0,0.0,0.0
2025-12-05 15:20:00-05:00,686.2150268554688,686.219970703125,685.9000244140625,685.97998046875,925265,0.0,0.0,0.0
2025-12-05 15:25:00-05:00,685.989990234375,686.0250244140625,685.75,686.0050048828125,458375,0.0,0.0,0.0
2025-12-05 15:30:00-05:00,686.0,686.010009765625,685.6799926757812,685.8900146484375,661537,0.0,0.0,0.0
2025-12-05 15:35:00-05:00,685.8829956054688,686.010009765625,685.75,685.780029296875,408415,0.0,0.0,0.0
2025-12-05 15:40:00-05:00,685.780029296875,685.89501953125,685.5,685.8599853515625,705588,0.0,0.0,0.0
2025-12-05 15:45:00-05:00,685.8599853515625,685.8800048828125,684.8900146484375,685.030029296875,2178545,0.0,0.0,0.0
2025-12-05 15:50:00-05:00,685.0399780273438,685.510009765625,684.5999755859375,685.0999755859375,2406732,0.0,0.0,0.0
2025-12-05 15:55:00-05:00,685.1099853515625,686.030029296875,685.0999755859375,685.6500244140625,4104568,0.0,0.0,0.0
2025-12-08 09:30:00-05:00,686.5900268554688,686.6400146484375,685.9199829101562,686.119873046875,2562066,0.0,0.0,0.0
2025-12-08 09:35:00-05:00,686.1199951171875,686.2299194335938,685.75,685.7999877929688,1099301,0.0,0.0,0.0
2025-12-08 09:40:00-05:00,685.8099975585938,686.02001953125,685.280029296875,685.9199829101562,1195242,0.0,0.0,0.0
2025-12-08 09:45:00-05:00,685.9199829101562,686.0999755859375,684.97998046875,685.530029296875,776197,0.0,0.0,0.0
2025-12-08 09:50:00-05:00,685.510009765625,685.9099731445312,685.4199829101562,685.8599853515625,572804,0.0,0.0,0.0
2025-12-08 09:55:00-05:00,685.8499755859375,685.9500122070312,685.344970703125,685.4400024414062,624729,0.0,0.0,0.0
2025-12-08 10:00:00-05:00,685.4199829101562,685.7750244140625,685.260009765625,685.6300048828125,568217,0.0,0.0,0.0
2025-12-08 10:05:00-05:00,685.6300048828125,685.6300048828125,685.0499877929688,685.22998046875,518020,0.0,0.0,0.0
2025-12-08 10:10:00-05:00,685.239990234375,685.239990234375,684.8300170898438,684.9199829101562,566909,0.0,0.0,0.0
2025-12-08 10:15:00-05:00,684.9299926757812,685.219970703125,684.6599731445312,685.010009765625,711762,0.0,0.0,0.0
2025-12-08 10:20:00-05:00,685.0180053710938,685.1599731445312,684.6900024414062,684.75,516943,0.0,0.0,0.0
2025-12-08 10:25:00-05:00,684.75,684.77001953125,683.8723754882812,684.5549926757812,829017,0.0,0.0,0.0
2025-12-08 10:30:00-05:00,684.5399780273438,684.989990234375,684.1599731445312,684.9000244140625,874846,0.0,0.0,0.0
2025-12-08 10:35:00-05:00,684.89501953125,685.0499877929688,684.5499877929688,684.6900024414062,515750,0.0,0.0,0.0
2025-12-08 10:40:00-05:00,684.6900024414062,684.77001953125,684.0440063476562,684.0750122070312,484130,0.0,0.0,0.0
2025-12-08 10:45:00-05:00,684.0750122070312,684.530029296875,684.0499877929688,684.4149780273438,551467,0.0,0.0,0.0
2025-12-08 10:50:00-05:00,684.4299926757812,684.4500122070312,683.9199829101562,684.0399780273438,676837,0.0,0.0,0.0
2025-12-08 10:55:00-05:00,684.030029296875,684.0850219726562,683.5700073242188,683.7050170898438,644466,0.0,0.0,0.0
2025-12-08 11:00:00-05:00,683.7000122070312,683.7000122070312,682.9099731445312,683.27001953125,887165,0.0,0.0,0.0
2025-12-08 11:05:00-05:00,683.2650146484375,683.7291259765625,683.2117919921875,683.6599731445312,466912,0.0,0.0,0.0
2025-12-08 11:10:00-05:00,683.6799926757812,683.9000244140625,683.3099975585938,683.4100952148438,562534,0.0,0.0,0.0
2025-12-08 11:15:00-05:00,683.4099731445312,683.5399780273438,683.27001953125,683.4799194335938,326993,0.0,0.0,0.0
2025-12-08 11:20:00-05:00,683.4600219726562,684.1099853515625,683.4299926757812,683.9000244140625,443565,0.0,0.0,0.0
2025-12-08 11:25:00-05:00,683.8900146484375,684.0999755859375,683.5499877929688,684.0900268554688,528661,0.0,0.0,0.0
2025-12-08 11:30:00-05:00,684.0800170898438,684.1199951171875,683.625,683.6599731445312,377807,0.0,0.0,0.0
2025-12-08 11:35:00-05:00,683.6599731445312,683.7999877929688,683.4600219726562,683.52001953125,384570,0.0,0.0,0.0
2025-12-08 11:40:00-05:00,683.5399780273438,683.8499145507812,683.4600219726562,683.8297729492188,261973,0.0,0.0,0.0
2025-12-08 11:45:00-05:00,683.8250122070312,683.8699951171875,683.375,683.3800048828125,268273,0.0,0.0,0.0
2025-12-08 11:50:00-05:00,683.3699951171875,683.6400146484375,683.02001953125,683.3599853515625,316597,0.0,0.0,0.0
2025-12-08 11:55:00-05:00,683.3599853515625,683.47998046875,683.2100219726562,683.38818359375,277333,0.0,0.0,0.0
2025-12-08 12:00:00-05:00,683.3900146484375,683.3900146484375,682.4949951171875,682.77001953125,495383,0.0,0.0,0.0
2025-12-08 12:05:00-05:00,682.739990234375,683.3599853515625,682.719970703125,683.214111328125,399090,0.0,0.0,0.0
2025-12-08 12:10:00-05:00,683.2100219726562,683.27001953125,682.760009765625,682.89501953125,350332,0.0,0.0,0.0
2025-12-08 12:15:00-05:00,682.8800048828125,683.1500244140625,682.8300170898438,683.0,426940,0.0,0.0,0.0
2025-12-08 12:20:00-05:00,682.97998046875,683.0150146484375,682.6400146484375,682.6900024414062,462426,0.0,0.0,0.0
2025-12-08 12:25:00-05:00,682.6900024414062,682.739990234375,682.1900024414062,682.6900024414062,528236,0.0,0.0,0.0
2025-12-08 12:30:00-05:00,682.6900024414062,682.9949951171875,682.6300048828125,682.7550048828125,333146,0.0,0.0,0.0
2025-12-08 12:35:00-05:00,682.75,682.8250122070312,682.5999755859375,682.7100219726562,294267,0.0,0.0,0.0
2025-12-08 12:40:00-05:00,682.6900024414062,683.1300048828125,682.6099853515625,682.8699951171875,362998,0.0,0.0,0.0
2025-12-08 12:45:00-05:00,682.8800048828125,683.2999877929688,682.6749877929688,683.2000122070312,460830,0.0,0.0,0.0
2025-12-08 12:50:00-05:00,683.1950073242188,683.5098876953125,683.14501953125,683.4600830078125,531833,0.0,0.0,0.0
2025-12-08 12:55:00-05:00,683.47998046875,684.3099975585938,683.2899780273438,684.1221923828125,954967,0.0,0.0,0.0
2025-12-08 13:00:00-05:00,684.1300048828125,684.4000244140625,683.5900268554688,683.760009765625,658343,0.0,0.0,0.0
2025-12-08 13:05:00-05:00,683.77001953125,684.0700073242188,683.7052001953125,684.02001953125,284703,0.0,0.0,0.0
2025-12-08 13:10:00-05:00,684.0399780273438,684.0999755859375,683.7598876953125,683.8200073242188,308528,0.0,0.0,0.0
2025-12-08 13:15:00-05:00,683.8300170898438,684.0499877929688,683.7000122070312,683.8800048828125,335381,0.0,0.0,0.0
2025-12-08 13:20:00-05:00,683.8699951171875,684.0,683.72998046875,683.8699951171875,207705,0.0,0.0,0.0
2025-12-08 13:25:00-05:00,683.8699951171875,683.8900146484375,682.8200073242188,682.8300170898438,527813,0.0,0.0,0.0
2025-12-08 13:30:00-05:00,682.8300170898438,682.9744873046875,682.4099731445312,682.52001953125,1099096,0.0,0.0,0.0
2025-12-08 13:35:00-05:00,682.52001953125,683.14501953125,682.2999877929688,683.0599975585938,502565,0.0,0.0,0.0
2025-12-08 13:40:00-05:00,683.0700073242188,683.1019287109375,682.7000732421875,682.97998046875,311136,0.0,0.0,0.0
2025-12-08 13:45:00-05:00,682.97998046875,683.0999755859375,682.6599731445312,682.6799926757812,666351,0.0,0.0,0.0
2025-12-08 13:50:00-05:00,682.6699829101562,682.7899780273438,682.469970703125,682.5900268554688,549428,0.0,0.0,0.0
2025-12-08 13:55:00-05:00,682.5800170898438,682.5900268554688,681.5700073242188,682.1099853515625,991640,0.0,0.0,0.0
2025-12-08 14:00:00-05:00,682.1300048828125,682.27001953125,681.6599731445312,682.0499877929688,642512,0.0,0.0,0.0
2025-12-08 14:05:00-05:00,682.0399780273438,682.2999877929688,681.9299926757812,682.1900024414062,288348,0.0,0.0,0.0
2025-12-08 14:10:00-05:00,682.1799926757812,682.2750244140625,681.8099975585938,681.9199829101562,334288,0.0,0.0,0.0
2025-12-08 14:15:00-05:00,681.9099731445312,682.4570922851562,681.9099731445312,682.4199829101562,535863,0.0,0.0,0.0
2025-12-08 14:20:00-05:00,682.4299926757812,682.5900268554688,682.2100219726562,682.25439453125,301170,0.0,0.0,0.0
2025-12-08 14:25:00-05:00,682.260009765625,682.4000244140625,682.0999755859375,682.2449951171875,277507,0.0,0.0,0.0
2025-12-08 14:30:00-05:00,682.22998046875,682.5499877929688,682.1749877929688,682.47998046875,271151,0.0,0.0,0.0
2025-12-08 14:35:00-05:00,682.469970703125,682.780029296875,682.4199829101562,682.5349731445312,375035,0.0,0.0,0.0
2025-12-08 14:40:00-05:00,682.5399780273438,682.75,682.4000244140625,682.639892578125,398513,0.0,0.0,0.0
2025-12-08 14:45:00-05:00,682.635009765625,682.6400146484375,682.3200073242188,682.510009765625,390447,0.0,0.0,0.0
2025-12-08 14:50:00-05:00,682.530029296875,682.8200073242188,682.510009765625,682.6820068359375,423258,0.0,0.0,0.0
2025-12-08 14:55:00-05:00,682.6849975585938,682.6900024414062,682.1500244140625,682.3300170898438,451763,0.0,0.0,0.0
2025-12-08 15:00:00-05:00,682.3400268554688,682.5499877929688,682.239990234375,682.2999877929688,504023,0.0,0.0,0.0
2025-12-08 15:05:00-05:00,682.3099975585938,682.530029296875,682.1799926757812,682.5,594685,0.0,0.0,0.0
2025-12-08 15:10:00-05:00,682.5,682.6300048828125,682.4299926757812,682.5800170898438,435240,0.0,0.0,0.0
2025-12-08 15:15:00-05:00,682.5900268554688,682.780029296875,682.4000244140625,682.6400146484375,723839,0.0,0.0,0.0
2025-12-08 15:20:00-05:00,682.6400146484375,682.77001953125,682.52001953125,682.5499877929688,452424,0.0,0.0,0.0
2025-12-08 15:25:00-05:00,682.5499877929688,682.6849975585938,682.3699951171875,682.6400146484375,536078,0.0,0.0,0.0
2025-12-08 15:30:00-05:00,682.6400146484375,682.6799926757812,682.2000122070312,682.260009765625,855727,0.0,0.0,0.0
2025-12-08 15:35:00-05:00,682.27001953125,682.4799194335938,682.0599975585938,682.3599853515625,752630,0.0,0.0,0.0
2025-12-08 15:40:00-05:00,682.3499755859375,682.7100219726562,682.2899780273438,682.6900024414062,712150,0.0,0.0,0.0
2025-12-08 15:45:00-05:00,682.6799926757812,682.72998046875,682.4000244140625,682.5499877929688,867445,0.0,0.0,0.0
2025-12-08 15:50:00-05:00,682.5499877929688,682.8900146484375,682.3300170898438,682.47998046875,1559570,0.0,0.0,0.0
2025-12-08 15:55:00-05:00,682.47998046875,683.760009765625,682.4199829101562,683.6500244140625,4896907,0.0,0.0,0.0
2025-12-09 09:30:00-05:00,683.1500244140625,683.6801147460938,682.8200073242188,683.4099731445312,2603428,0.0,0.0,0.0
2025-12-09 09:35:00-05:00,683.4199829101562,684.0399780273438,683.3200073242188,683.8900146484375,1072371,0.0,0.0,0.0
2025-12-09 09:40:00-05:00,683.8800048828125,684.1300048828125,683.3400268554688,683.7000122070312,957693,0.0,0.0,0.0
2025-12-09 09:45:00-05:00,683.7000122070312,684.1199951171875,683.469970703125,684.0598754882812,933129,0.0,0.0,0.0
2025-12-09 09:50:00-05:00,684.0599975585938,684.4299926757812,683.9500122070312,684.4000244140625,771954,0.0,0.0,0.0
2025-12-09 09:55:00-05:00,684.4099731445312,684.530029296875,684.10498046875,684.4199829101562,747421,0.0,0.0,0.0
2025-12-09 10:00:00-05:00,684.4400024414062,684.9400024414062,684.0499877929688,684.5599975585938,929894,0.0,0.0,0.0
2025-12-09 10:05:00-05:00,684.5599975585938,684.64501953125,683.969970703125,684.27001953125,652427,0.0,0.0,0.0
2025-12-09 10:10:00-05:00,684.280029296875,684.4600219726562,684.1300048828125,684.1799926757812,476274,0.0,0.0,0.0
2025-12-09 10:15:00-05:00,684.1900024414062,684.4343872070312,683.9650268554688,684.125,521360,0.0,0.0,0.0
2025-12-09 10:20:00-05:00,684.1500244140625,684.27001953125,683.8828735351562,684.1599731445312,494119,0.0,0.0,0.0
2025-12-09 10:25:00-05:00,684.1599731445312,684.2999267578125,683.760009765625,684.2150268554688,671337,0.0,0.0,0.0
2025-12-09 10:30:00-05:00,684.2000122070312,684.52001953125,683.989990234375,684.1998901367188,603487,0.0,0.0,0.0
2025-12-09 10:35:00-05:00,684.2000122070312,684.2100219726562,683.844970703125,684.030029296875,373235,0.0,0.0,0.0
2025-12-09 10:40:00-05:00,684.030029296875,684.47998046875,683.864990234375,684.469970703125,495887,0.0,0.0,0.0
2025-12-09 10:45:00-05:00,684.47998046875,684.4998168945312,683.5850219726562,683.8900146484375,727816,0.0,0.0,0.0
2025-12-09 10:50:00-05:00,683.8900146484375,684.4000244140625,683.8214111328125,684.280029296875,584347,0.0,0.0,0.0
2025-12-09 10:55:00-05:00,684.280029296875,684.5700073242188,684.27001953125,684.5050048828125,320234,0.0,0.0,0.0
2025-12-09 11:00:00-05:00,684.489990234375,684.8300170898438,684.4400024414062,684.6199951171875,587139,0.0,0.0,0.0
2025-12-09 11:05:00-05:00,684.6300048828125,684.8400268554688,684.47998046875,684.7000122070312,409318,0.0,0.0,0.0
2025-12-09 11:10:00-05:00,684.6901245117188,684.9000244140625,684.6400146484375,684.8499755859375,394233,0.0,0.0,0.0
2025-12-09 11:15:00-05:00,684.8499755859375,685.3400268554688,684.8400268554688,685.2800903320312,575052,0.0,0.0,0.0
2025-12-09 11:20:00-05:00,685.2899780273438,685.3300170898438,685.0399780273438,685.2050170898438,454792,0.0,0.0,0.0
2025-12-09 11:25:00-05:00,685.2100219726562,685.219970703125,684.77001953125,684.8099975585938,360234,0.0,0.0,0.0
2025-12-09 11:30:00-05:00,684.8099975585938,685.239990234375,684.77001953125,685.2399291992188,480315,0.0,0.0,0.0
2025-12-09 11:35:00-05:00,685.239990234375,685.385009765625,684.9299926757812,685.02001953125,552081,0.0,0.0,0.0
2025-12-09 11:40:00-05:00,685.030029296875,685.0449829101562,684.52001953125,684.6099853515625,448134,0.0,0.0,0.0
2025-12-09 11:45:00-05:00,684.5999755859375,685.0700073242188,684.5999755859375,684.9199829101562,402939,0.0,0.0,0.0
2025-12-09 11:50:00-05:00,684.9199829101562,685.280029296875,684.9199829101562,685.27001953125,468507,0.0,0.0,0.0
2025-12-09 11:55:00-05:00,685.280029296875,685.3099975585938,684.969970703125,684.97998046875,436074,0.0,0.0,0.0
2025-12-09 12:00:00-05:00,684.969970703125,685.219970703125,684.8099975585938,685.1400146484375,315366,0.0,0.0,0.0
2025-12-09 12:05:00-05:00,685.1400146484375,685.3400268554688,685.010009765625,685.0900268554688,527338,0.0,0.0,0.0
2025-12-09 12:10:00-05:00,685.080078125,685.1199951171875,684.8699951171875,684.9400024414062,349119,0.0,0.0,0.0
2025-12-09 12:15:00-05:00,684.9600219726562,684.969970703125,684.6099853515625,684.6400146484375,252255,0.0,0.0,0.0
2025-12-09 12:20:00-05:00,684.6400146484375,684.6795043945312,684.27001953125,684.6199951171875,527884,0.0,0.0,0.0
2025-12-09 12:25:00-05:00,684.6199951171875,684.8200073242188,684.5700073242188,684.6500244140625,354813,0.0,0.0,0.0
2025-12-09 12:30:00-05:00,684.6500244140625,684.8599243164062,684.2852172851562,684.3300170898438,430019,0.0,0.0,0.0
2025-12-09 12:35:00-05:00,684.3200073242188,684.469970703125,684.02001953125,684.1749877929688,680530,0.0,0.0,0.0
2025-12-09 12:40:00-05:00,684.1799926757812,684.280029296875,683.8955078125,684.080078125,691972,0.0,0.0,0.0
2025-12-09 12:45:00-05:00,684.0750122070312,684.0900268554688,683.6950073242188,683.75,502139,0.0,0.0,0.0
2025-12-09 12:50:00-05:00,683.72998046875,683.9849853515625,683.6199951171875,683.9600830078125,476150,0.0,0.0,0.0
2025-12-09 12:55:00-05:00,683.969970703125,684.3200073242188,683.9400024414062,684.2750244140625,504640,0.0,0.0,0.0
2025-12-09 13:00:00-05:00,684.27001953125,684.47998046875,684.098388671875,684.3599853515625,559162,0.0,0.0,0.0
2025-12-09 13:05:00-05:00,684.3599243164062,684.3800048828125,683.9600219726562,684.010009765625,421942,0.0,0.0,0.0
2025-12-09 13:10:00-05:00,684.02001953125,684.25,683.8800048828125,684.25,402905,0.0,0.0,0.0
2025-12-09 13:15:00-05:00,684.25,684.489990234375,684.1300048828125,684.3800048828125,367600,0.0,0.0,0.0
2025-12-09 13:20:00-05:00,684.3800048828125,684.3900146484375,684.1599731445312,684.3699951171875,206474,0.0,0.0,0.0
2025-12-09 13:25:00-05:00,684.3699951171875,684.3800048828125,684.1099853515625,684.239990234375,244552,0.0,0.0,0.0
2025-12-09 13:30:00-05:00,684.239990234375,684.344970703125,684.0700073242188,684.0999755859375,233273,0.0,0.0,0.0
2025-12-09 13:35:00-05:00,684.0999755859375,684.1065063476562,683.72998046875,683.8800048828125,336908,0.0,0.0,0.0
2025-12-09 13:40:00-05:00,683.8900146484375,683.9199829101562,683.6599731445312,683.6699829101562,341151,0.0,0.0,0.0
2025-12-09 13:45:00-05:00,683.6799926757812,683.989990234375,683.3499755859375,683.9400024414062,653625,0.0,0.0,0.0
2025-12-09 13:50:00-05:00,683.9299926757812,684.3300170898438,683.8099975585938,684.2100219726562,492962,0.0,0.0,0.0
2025-12-09 13:55:00-05:00,684.219970703125,684.3400268554688,684.0430297851562,684.0499877929688,378436,0.0,0.0,0.0
2025-12-09 14:00:00-05:00,684.0599975585938,684.139892578125,683.8400268554688,683.9299926757812,412597,0.0,0.0,0.0
2025-12-09 14:05:00-05:00,683.9400024414062,684.0349731445312,683.7200927734375,683.8201293945312,386856,0.0,0.0,0.0
2025-12-09 14:10:00-05:00,683.8200073242188,683.9199829101562,683.6400146484375,683.7999877929688,425745,0.0,0.0,0.0
2025-12-09 14:15:00-05:00,683.7999877929688,684.02001953125,683.719970703125,683.8350219726562,334390,0.0,0.0,0.0
2025-12-09 14:20:00-05:00,683.8300170898438,683.9349975585938,683.72998046875,683.760009765625,259544,0.0,0.0,0.0
2025-12-09 14:25:00-05:00,683.75,683.8900146484375,683.7000122070312,683.72998046875,285406,0.0,0.0,0.0
2025-12-09 14:30:00-05:00,683.72998046875,683.7999877929688,683.6199951171875,683.6400146484375,356012,0.0,0.0,0.0
2025-12-09 14:35:00-05:00,683.6400146484375,683.760009765625,683.4099731445312,683.6500244140625,434083,0.0,0.0,0.0
2025-12-09 14:40:00-05:00,683.6599731445312,683.6799926757812,683.2000122070312,683.3900146484375,437014,0.0,0.0,0.0
2025-12-09 14:45:00-05:00,683.3867797851562,683.5399780273438,683.3300170898438,683.4899291992188,503079,0.0,0.0,0.0
2025-12-09 14:50:00-05:00,683.489990234375,683.7896728515625,683.489990234375,683.72998046875,406753,0.0,0.0,0.0
2025-12-09 14:55:00-05:00,683.72998046875,683.8200073242188,683.5900268554688,683.6300048828125,317523,0.0,0.0,0.0
2025-12-09 15:00:00-05:00,683.6300048828125,683.6900024414062,683.52001953125,683.6799926757812,405963,0.0,0.0,0.0
2025-12-09 15:05:00-05:00,683.6749877929688,683.8526000976562,683.5609741210938,683.7100219726562,506119,0.0,0.0,0.0
2025-12-09 15:10:00-05:00,683.7100219726562,683.780029296875,683.489990234375,683.5,539236,0.0,0.0,0.0
2025-12-09 15:15:00-05:00,683.5001220703125,683.5900268554688,683.3703002929688,683.530029296875,549299,0.0,0.0,0.0
2025-12-09 15:20:00-05:00,683.530029296875,683.6749877929688,683.4099731445312,683.4099731445312,749876,0.0,0.0,0.0
2025-12-09 15:25:00-05:00,683.4099731445312,683.5,683.2999877929688,683.3250122070312,512971,0.0,0.0,0.0
2025-12-09 15:30:00-05:00,683.3200073242188,683.418212890625,683.0650024414062,683.1199951171875,706847,0.0,0.0,0.0
2025-12-09 15:35:00-05:00,683.1212768554688,683.4199829101562,683.0449829101562,683.3499755859375,856726,0.0,0.0,0.0
2025-12-09 15:40:00-05:00,683.3499755859375,683.4849853515625,683.1900024414062,683.3900146484375,749415,0.0,0.0,0.0
2025-12-09 15:45:00-05:00,683.3800048828125,683.4600219726562,683.1500244140625,683.3900146484375,1099987,0.0,0.0,0.0
2025-12-09 15:50:00-05:00,683.3900146484375,683.6099853515625,682.8400268554688,682.8900146484375,2229901,0.0,0.0,0.0
2025-12-09 15:55:00-05:00,682.8900146484375,683.1500244140625,682.5900268554688,683.0499877929688,5143552,0.0,0.0,0.0
2025-12-10 09:30:00-05:00,682.5599975585938,682.760009765625,682.0599975585938,682.1300048828125,2259364,0.0,0.0,0.0
2025-12-10 09:35:00-05:00,682.1300048828125,682.5800170898438,681.3099975585938,682.2999877929688,1506355,0.0,0.0,0.0
2025-12-10 09:40:00-05:00,682.3099975585938,683.0700073242188,682.0449829101562,682.666015625,871475,0.0,0.0,0.0
2025-12-10 09:45:00-05:00,682.6599731445312,683.315185546875,682.6500244140625,682.8699951171875,1054055,0.0,0.0,0.0
2025-12-10 09:50:00-05:00,682.8599853515625,683.3300170898438,682.52001953125,682.8629760742188,814143,0.0,0.0,0.0
2025-12-10 09:55:00-05:00,682.8900146484375,683.25,682.3099975585938,683.1243896484375,954728,0.0,0.0,0.0
2025-12-10 10:00:00-05:00,683.125,683.1500244140625,682.719970703125,682.9000244140625,646159,0.0,0.0,0.0
2025-12-10 10:05:00-05:00,682.905029296875,683.3699951171875,682.8300170898438,683.0764770507812,632715,0.0,0.0,0.0
2025-12-10 10:10:00-05:00,683.0650024414062,683.4349975585938,682.969970703125,683.0200805664062,613300,0.0,0.0,0.0
2025-12-10 10:15:00-05:00,683.030029296875,683.4600219726562,682.8699951171875,683.2999267578125,641892,0.0,0.0,0.0
2025-12-10 10:20:00-05:00,683.2899780273438,683.4099731445312,682.9799194335938,683.2100219726562,628961,0.0,0.0,0.0
2025-12-10 10:25:00-05:00,683.219970703125,683.239990234375,682.7760009765625,682.989990234375,504197,0.0,0.0,0.0
2025-12-10 10:30:00-05:00,682.989990234375,683.0670166015625,682.3499755859375,682.4500122070312,576901,0.0,0.0,0.0
2025-12-10 10:35:00-05:00,682.4600219726562,682.489990234375,681.7000122070312,682.0399780273438,1089690,0.0,0.0,0.0
2025-12-10 10:40:00-05:00,682.0399780273438,682.6400146484375,681.6699829101562,682.364990234375,743175,0.0,0.0,0.0
2025-12-10 10:45:00-05:00,682.360107421875,683.1699829101562,682.219970703125,683.14990234375,461299,0.0,0.0,0.0
2025-12-10 10:50:00-05:00,683.1400146484375,683.22998046875,682.2800903320312,682.3200073242188,546453,0.0,0.0,0.0
2025-12-10 10:55:00-05:00,682.3200073242188,682.510009765625,682.030029296875,682.25,487720,0.0,0.0,0.0
2025-12-10 11:00:00-05:00,682.25,682.2899780273438,681.4500122070312,681.9199829101562,785007,0.0,0.0,0.0
2025-12-10 11:05:00-05:00,681.9299926757812,682.6300048828125,681.8900146484375,682.47998046875,543305,0.0,0.0,0.0
2025-12-10 11:10:00-05:00,682.47119140625,683.125,682.3200073242188,683.1179809570312,570985,0.0,0.0,0.0
2025-12-10 11:15:00-05:00,683.1151733398438,683.6400146484375,683.010009765625,683.6199951171875,911374,0.0,0.0,0.0
2025-12-10 11:20:00-05:00,683.6199951171875,683.77001953125,683.3200073242188,683.5999755859375,587945,0.0,0.0,0.0
2025-12-10 11:25:00-05:00,683.5900268554688,683.8699951171875,683.375,683.719970703125,473732,0.0,0.0,0.0
2025-12-10 11:30:00-05:00,683.719970703125,683.8099975585938,683.5399780273438,683.8099975585938,424827,0.0,0.0,0.0
2025-12-10 11:35:00-05:00,683.8099975585938,683.8400268554688,683.510009765625,683.6849975585938,398801,0.0,0.0,0.0
2025-12-10 11:40:00-05:00,683.6900024414062,683.6900024414062,683.1649780273438,683.27001953125,407366,0.0,0.0,0.0
2025-12-10 11:45:00-05:00,683.280029296875,683.5100708007812,683.0098876953125,683.489990234375,547809,0.0,0.0,0.0
2025-12-10 11:50:00-05:00,683.4949951171875,683.6900024414062,683.3099975585938,683.6099853515625,324076,0.0,0.0,0.0
2025-12-10 11:55:00-05:00,683.6199951171875,683.72998046875,683.469970703125,683.5999755859375,360540,0.0,0.0,0.0
2025-12-10 12:00:00-05:00,683.5700073242188,683.7000122070312,683.4199829101562,683.4500122070312,382691,0.0,0.0,0.0
2025-12-10 12:05:00-05:00,683.4299926757812,683.5,683.27001953125,683.3099975585938,227114,0.0,0.0,0.0
2025-12-10 12:10:00-05:00,683.2999877929688,683.4400024414062,683.0700073242188,683.25,307216,0.0,0.0,0.0
2025-12-10 12:15:00-05:00,683.260009765625,683.4298706054688,683.1044921875,683.1300048828125,262445,0.0,0.0,0.0
2025-12-10 12:20:00-05:00,683.1199951171875,683.344970703125,682.9500122070312,683.3300170898438,333302,0.0,0.0,0.0
2025-12-10 12:25:00-05:00,683.3200073242188,683.4400024414062,683.0700073242188,683.1400146484375,321917,0.0,0.0,0.0
2025-12-10 12:30:00-05:00,683.1199951171875,683.2899780273438,683.010009765625,683.22998046875,221601,0.0,0.0,0.0
2025-12-10 12:35:00-05:00,683.22998046875,683.5399780273438,683.1199951171875,683.1201171875,223708,0.0,0.0,0.0
2025-12-10 12:40:00-05:00,683.1199951171875,683.27001953125,682.9201049804688,683.0800170898438,243297,0.0,0.0,0.0
2025-12-10 12:45:00-05:00,683.0700073242188,683.4600219726562,683.02001953125,683.4199829101562,354186,0.0,0.0,0.0
2025-12-10 12:50:00-05:00,683.4099731445312,683.9600219726562,683.3900146484375,683.8900146484375,396575,0.0,0.0,0.0
2025-12-10 12:55:00-05:00,683.9000244140625,684.219970703125,683.719970703125,683.8400268554688,455176,0.0,0.0,0.0
2025-12-10 13:00:00-05:00,683.8300170898438,683.9500122070312,683.6199951171875,683.77001953125,401731,0.0,0.0,0.0
2025-12-10 13:05:00-05:00,683.77001953125,684.0599975585938,683.6799926757812,683.9674072265625,380557,0.0,0.0,0.0
2025-12-10 13:10:00-05:00,683.969970703125,683.9949951171875,683.7899780273438,683.8300170898438,237287,0.0,0.0,0.0
2025-12-10 13:15:00-05:00,683.8250122070312,683.9400024414062,683.5800170898438,683.6400146484375,321868,0.0,0.0,0.0
2025-12-10 13:20:00-05:00,683.64501953125,683.6599731445312,683.1950073242188,683.2100219726562,303155,0.0,0.0,0.0
2025-12-10 13:25:00-05:00,683.2100219726562,683.219970703125,682.7000122070312,682.8900146484375,568591,0.0,0.0,0.0
2025-12-10 13:30:00-05:00,682.8800048828125,683.1699829101562,682.6799926757812,682.9949951171875,973511,0.0,0.0,0.0
2025-12-10 13:35:00-05:00,682.9949951171875,683.3800048828125,682.9299926757812,683.1849975585938,422383,0.0,0.0,0.0
2025-12-10 13:40:00-05:00,683.1900024414062,683.2000122070312,682.6799926757812,682.6950073242188,612991,0.0,0.0,0.0
2025-12-10 13:45:00-05:00,682.6900024414062,683.1099853515625,682.594970703125,683.0798950195312,408618,0.0,0.0,0.0
2025-12-10 13:50:00-05:00,683.0599975585938,683.0599975585938,682.719970703125,682.7849731445312,328687,0.0,0.0,0.0
2025-12-10 13:55:00-05:00,682.780029296875,682.9199829101562,682.4450073242188,682.8699951171875,534263,0.0,0.0,0.0
2025-12-10 14:00:00-05:00,682.8599853515625,685.22998046875,682.6699829101562,683.8599853515625,2299629,0.0,0.0,0.0
2025-12-10 14:05:00-05:00,683.8800048828125,685.6900024414062,683.760009765625,685.2899780273438,2089573,0.0,0.0,0.0
2025-12-10 14:10:00-05:00,685.3200073242188,685.739990234375,684.5805053710938,684.75,1138533,0.0,0.0,0.0
2025-12-10 14:15:00-05:00,684.760009765625,685.5700073242188,684.6099853515625,685.0349731445312,922983,0.0,0.0,0.0
2025-12-10 14:20:00-05:00,685.0599975585938,685.0701904296875,683.9349975585938,683.9998779296875,787654,0.0,0.0,0.0
2025-12-10 14:25:00-05:00,684.010009765625,684.4000244140625,683.239990234375,684.2100219726562,1210291,0.0,0.0,0.0
2025-12-10 14:30:00-05:00,684.2100219726562,686.2899780273438,684.02001953125,685.9893798828125,1761616,0.0,0.0,0.0
2025-12-10 14:35:00-05:00,685.9849853515625,686.8200073242188,684.9099731445312,686.02001953125,2818183,0.0,0.0,0.0
2025-12-10 14:40:00-05:00,685.9901123046875,686.27001953125,683.3599853515625,684.3499755859375,2243309,0.0,0.0,0.0
2025-12-10 14:45:00-05:00,684.3109741210938,685.8300170898438,684.239990234375,685.2550048828125,1293614,0.0,0.0,0.0
2025-12-10 14:50:00-05:00,685.239990234375,687.489990234375,685.010009765625,687.0485229492188,1596250,0.0,0.0,0.0
2025-12-10 14:55:00-05:00,687.0499877929688,688.0599975585938,687.010009765625,687.8800048828125,2885225,0.0,0.0,0.0
2025-12-10 15:00:00-05:00,687.8699951171875,688.4199829101562,687.0800170898438,688.2249755859375,1781687,0.0,0.0,0.0
2025-12-10 15:05:00-05:00,688.219970703125,688.489990234375,687.7000122070312,688.3099975585938,1679014,0.0,0.0,0.0
2025-12-10 15:10:00-05:00,688.3099975585938,688.6199951171875,687.9000244140625,688.47998046875,1469595,0.0,0.0,0.0
2025-12-10 15:15:00-05:00,688.4650268554688,688.5999755859375,687.969970703125,688.239990234375,1440517,0.0,0.0,0.0
2025-12-10 15:20:00-05:00,688.25,688.8300170898438,687.8699951171875,687.97998046875,1785978,0.0,0.0,0.0
2025-12-10 15:25:00-05:00,687.969970703125,688.5599975585938,687.7949829101562,688.1199951171875,1029553,0.0,0.0,0.0
2025-12-10 15:30:00-05:00,688.0999755859375,688.969970703125,687.9500122070312,688.6900024414062,1200643,0.0,0.0,0.0
2025-12-10 15:35:00-05:00,688.6900024414062,688.9299926757812,688.47998046875,688.6699829101562,1585039,0.0,0.0,0.0
2025-12-10 15:40:00-05:00,688.6699829101562,688.8300170898438,688.25,688.375,1106373,0.0,0.0,0.0
2025-12-10 15:45:00-05:00,688.364990234375,688.7000122070312,688.0900268554688,688.260009765625,2525505,0.0,0.0,0.0
2025-12-10 15:50:00-05:00,688.260009765625,688.6900024414062,687.7150268554688,688.0900268554688,2091569,0.0,0.0,0.0
2025-12-10 15:55:00-05:00,688.0900268554688,688.239990234375,687.219970703125,687.4600219726562,5402361,0.0,0.0,0.0
2025-12-11 09:30:00-05:00,685.1400146484375,685.3599853515625,684.47998046875,684.6801147460938,3277290,0.0,0.0,0.0
2025-12-11 09:35:00-05:00,684.7000122070312,685.8200073242188,684.5499877929688,685.3099975585938,1588130,0.0,0.0,0.0
2025-12-11 09:40:00-05:00,685.2999877929688,685.7000122070312,684.9099731445312,685.5850219726562,1289222,0.0,0.0,0.0
2025-12-11 09:45:00-05:00,685.594970703125,685.7000122070312,683.6400146484375,683.6699829101562,1539620,0.0,0.0,0.0
2025-12-11 09:50:00-05:00,683.6400146484375,683.8499755859375,682.6199951171875,682.655029296875,2213124,0.0,0.0,0.0
2025-12-11 09:55:00-05:00,682.655029296875,683.219970703125,682.2899780273438,682.6199951171875,1685853,0.0,0.0,0.0
2025-12-11 10:00:00-05:00,682.6500244140625,683.4199829101562,682.1649780273438,683.22998046875,1445987,0.0,0.0,0.0
2025-12-11 10:05:00-05:00,683.22998046875,684.739990234375,683.1300048828125,684.6900024414062,1540124,0.0,0.0,0.0
2025-12-11 10:10:00-05:00,684.7000122070312,685.3900146484375,684.1400756835938,685.030029296875,1533321,0.0,0.0,0.0
2025-12-11 10:15:00-05:00,685.0,685.4400024414062,684.5750122070312,685.4299926757812,856040,0.0,0.0,0.0
2025-12-11 10:20:00-05:00,685.4400024414062,686.5,685.3200073242188,686.4550170898438,1253167,0.0,0.0,0.0
2025-12-11 10:25:00-05:00,686.4400024414062,686.7994995117188,686.0599975585938,686.260009765625,1041403,0.0,0.0,0.0
2025-12-11 10:30:00-05:00,686.27001953125,686.4500122070312,685.9550170898438,685.97998046875,1017319,0.0,0.0,0.0
2025-12-11 10:35:00-05:00,685.989990234375,686.27001953125,685.469970703125,686.1900024414062,935159,0.0,0.0,0.0
2025-12-11 10:40:00-05:00,686.1699829101562,686.1799926757812,685.3699951171875,685.77001953125,614746,0.0,0.0,0.0
2025-12-11 10:45:00-05:00,685.7698974609375,686.1699829101562,684.75,684.8400268554688,924171,0.0,0.0,0.0
2025-12-11 10:50:00-05:00,684.8300170898438,685.1699829101562,684.0700073242188,685.0551147460938,1106231,0.0,0.0,0.0
2025-12-11 10:55:00-05:00,685.0599975585938,685.8599853515625,684.97998046875,685.739990234375,757360,0.0,0.0,0.0
2025-12-11 11:00:00-05:00,685.739990234375,686.1400146484375,685.0800170898438,685.739990234375,861276,0.0,0.0,0.0
2025-12-11 11:05:00-05:00,685.75,685.8800048828125,684.9199829101562,684.9949951171875,746170,0.0,0.0,0.0
2025-12-11 11:10:00-05:00,685.0,685.5599975585938,684.8900146484375,685.3699951171875,562183,0.0,0.0,0.0
2025-12-11 11:15:00-05:00,685.3699951171875,685.4099731445312,684.802001953125,685.094482421875,353358,0.0,0.0,0.0
2025-12-11 11:20:00-05:00,685.0800170898438,685.760009765625,684.8400268554688,685.719970703125,434887,0.0,0.0,0.0
2025-12-11 11:25:00-05:00,685.72998046875,685.780029296875,684.4000244140625,684.60498046875,664908,0.0,0.0,0.0
2025-12-11 11:30:00-05:00,684.6099853515625,685.3599853515625,684.5399780273438,685.3099975585938,642016,0.0,0.0,0.0
2025-12-11 11:35:00-05:00,685.3400268554688,685.739990234375,685.1599731445312,685.6300048828125,858184,0.0,0.0,0.0
2025-12-11 11:40:00-05:00,685.6199951171875,686.72998046875,685.510009765625,686.469970703125,1192260,0.0,0.0,0.0
2025-12-11 11:45:00-05:00,686.47998046875,686.969970703125,686.1599731445312,686.3699951171875,736335,0.0,0.0,0.0
2025-12-11 11:50:00-05:00,686.3800048828125,686.4500122070312,685.1799926757812,685.27001953125,907931,0.0,0.0,0.0
2025-12-11 11:55:00-05:00,685.2650146484375,685.530029296875,684.844970703125,685.5,967337,0.0,0.0,0.0
2025-12-11 12:00:00-05:00,685.52001953125,686.0800170898438,685.39501953125,685.969970703125,925386,0.0,0.0,0.0
2025-12-11 12:05:00-05:00,685.97998046875,686.0999755859375,685.77001953125,685.8699951171875,370271,0.0,0.0,0.0
2025-12-11 12:10:00-05:00,685.8900146484375,687.0,685.8900146484375,686.719970703125,734132,0.0,0.0,0.0
2025-12-11 12:15:00-05:00,686.719970703125,687.0599975585938,686.5900268554688,686.9199829101562,702425,0.0,0.0,0.0
2025-12-11 12:20:00-05:00,686.9199829101562,687.6599731445312,686.9199829101562,687.5599975585938,757448,0.0,0.0,0.0
2025-12-11 12:25:00-05:00,687.5499877929688,687.9099731445312,687.1849975585938,687.35498046875,958851,0.0,0.0,0.0
2025-12-11 12:30:00-05:00,687.3499755859375,687.760009765625,687.3400268554688,687.72998046875,559417,0.0,0.0,0.0
2025-12-11 12:35:00-05:00,687.739990234375,687.8499755859375,687.4000244140625,687.6950073242188,742513,0.0,0.0,0.0
2025-12-11 12:40:00-05:00,687.6900024414062,688.0350952148438,687.6199951171875,687.780029296875,576119,0.0,0.0,0.0
2025-12-11 12:45:00-05:00,687.7899780273438,687.9149780273438,687.3499755859375,687.3900146484375,533402,0.0,0.0,0.0
2025-12-11 12:50:00-05:00,687.3800048828125,687.5499877929688,687.14501953125,687.489990234375,673845,0.0,0.0,0.0
2025-12-11 12:55:00-05:00,687.4849853515625,687.52001953125,686.97998046875,687.2899780273438,608735,0.0,0.0,0.0
2025-12-11 13:00:00-05:00,687.280029296875,687.8699951171875,687.0900268554688,687.75,532670,0.0,0.0,0.0
2025-12-11 13:05:00-05:00,687.719970703125,687.9500122070312,687.6099853515625,687.905029296875,307433,0.0,0.0,0.0
2025-12-11 13:10:00-05:00,687.9000244140625,688.1900024414062,687.7650146484375,688.010009765625,418568,0.0,0.0,0.0
2025-12-11 13:15:00-05:00,688.02001953125,688.030029296875,687.7100219726562,687.7999877929688,335616,0.0,0.0,0.0
2025-12-11 13:20:00-05:00,687.7999877929688,688.1243896484375,687.6500244140625,687.9000244140625,710707,0.0,0.0,0.0
2025-12-11 13:25:00-05:00,687.9000244140625,688.010009765625,687.4099731445312,687.625,498963,0.0,0.0,0.0
2025-12-11 13:30:00-05:00,687.6199951171875,687.719970703125,687.2999877929688,687.5700073242188,444878,0.0,0.0,0.0
2025-12-11 13:35:00-05:00,687.5750122070312,688.3150024414062,687.5399780273438,688.260009765625,526274,0.0,0.0,0.0
2025-12-11 13:40:00-05:00,688.2550048828125,688.625,688.1799926757812,688.530029296875,655252,0.0,0.0,0.0
2025-12-11 13:45:00-05:00,688.5399780273438,688.619873046875,688.1799926757812,688.3300170898438,598992,0.0,0.0,0.0
2025-12-11 13:50:00-05:00,688.3400268554688,688.4500122070312,687.9600219726562,688.0050048828125,427658,0.0,0.0,0.0
2025-12-11 13:55:00-05:00,688.010009765625,688.1900024414062,687.760009765625,687.9600219726562,578875,0.0,0.0,0.0
2025-12-11 14:00:00-05:00,687.969970703125,688.4099731445312,687.9400024414062,688.239990234375,609835,0.0,0.0,0.0
2025-12-11 14:05:00-05:00,688.22998046875,688.260009765625,687.8499755859375,688.0964965820312,567781,0.0,0.0,0.0
2025-12-11 14:10:00-05:00,688.0999755859375,688.260009765625,687.9598999023438,688.25,607857,0.0,0.0,0.0
2025-12-11 14:15:00-05:00,688.260009765625,688.760009765625,688.239990234375,688.6799926757812,814663,0.0,0.0,0.0
2025-12-11 14:20:00-05:00,688.6699829101562,688.77001953125,688.4500122070312,688.6799926757812,570837,0.0,0.0,0.0
2025-12-11 14:25:00-05:00,688.6900024414062,688.7899780273438,688.5150146484375,688.6799926757812,554262,0.0,0.0,0.0
2025-12-11 14:30:00-05:00,688.6799926757812,688.8400268554688,688.5900268554688,688.6799926757812,647693,0.0,0.0,0.0
2025-12-11 14:35:00-05:00,688.6900024414062,689.0499877929688,688.6799926757812,688.7449951171875,886066,0.0,0.0,0.0
2025-12-11 14:40:00-05:00,688.75,689.0490112304688,688.72998046875,689.0150146484375,556563,0.0,0.0,0.0
2025-12-11 14:45:00-05:00,689.02001953125,689.1400146484375,688.8699951171875,689.0599975585938,744698,0.0,0.0,0.0
2025-12-11 14:50:00-05:00,689.0599975585938,689.25,688.8353271484375,688.85498046875,503146,0.0,0.0,0.0
2025-12-11 14:55:00-05:00,688.8499755859375,689.1199951171875,688.8200073242188,688.8300170898438,817777,0.0,0.0,0.0
2025-12-11 15:00:00-05:00,688.8300170898438,689.1599731445312,688.8200073242188,689.0449829101562,545691,0.0,0.0,0.0
2025-12-11 15:05:00-05:00,689.0399780273438,689.0499877929688,688.6599731445312,688.8800048828125,993403,0.0,0.0,0.0
2025-12-11 15:10:00-05:00,688.8900146484375,688.9299926757812,688.6900024414062,688.7100219726562,505394,0.0,0.0,0.0
2025-12-11 15:15:00-05:00,688.7100219726562,688.8599853515625,688.6099853515625,688.682373046875,462539,0.0,0.0,0.0
2025-12-11 15:20:00-05:00,688.6900024414062,688.9299926757812,688.6500244140625,688.7999877929688,592656,0.0,0.0,0.0
2025-12-11 15:25:00-05:00,688.7899780273438,688.8250122070312,688.4099731445312,688.4349975585938,833750,0.0,0.0,0.0
2025-12-11 15:30:00-05:00,688.4400024414062,688.52001953125,688.2000122070312,688.2999877929688,1211520,0.0,0.0,0.0
2025-12-11 15:35:00-05:00,688.2949829101562,688.3400268554688,687.989990234375,688.2055053710938,1654635,0.0,0.0,0.0
2025-12-11 15:40:00-05:00,688.2000122070312,688.5499877929688,688.1599731445312,688.4000244140625,1164620,0.0,0.0,0.0
2025-12-11 15:45:00-05:00,688.3900146484375,688.47998046875,688.0900268554688,688.3099975585938,919368,0.0,0.0,0.0
2025-12-11 15:50:00-05:00,688.3099975585938,689.1099853515625,688.3099975585938,688.6599731445312,2490047,0.0,0.0,0.0
2025-12-11 15:55:00-05:00,688.6500244140625,689.1799926757812,688.27001953125,689.1500244140625,5223171,0.0,0.0,0.0
2025-12-12 09:30:00-05:00,688.1699829101562,688.6849975585938,687.7000122070312,688.4149780273438,3232551,0.0,0.0,0.0
2025-12-12 09:35:00-05:00,688.4099731445312,688.8699951171875,688.2100219726562,688.77197265625,799743,0.0,0.0,0.0
2025-12-12 09:40:00-05:00,688.7899780273438,688.8800048828125,687.7899780273438,687.9400024414062,1236915,0.0,0.0,0.0
2025-12-12 09:45:00-05:00,687.9400024414062,688.1500244140625,687.364990234375,687.389892578125,1184345,0.0,0.0,0.0
2025-12-12 09:50:00-05:00,687.3800048828125,688.019775390625,687.1699829101562,687.8699951171875,1033771,0.0,0.0,0.0
2025-12-12 09:55:00-05:00,687.8599853515625,687.9849853515625,687.405029296875,687.489990234375,741627,0.0,0.0,0.0
2025-12-12 10:00:00-05:00,687.4600219726562,687.5399780273438,686.5800170898438,686.6900024414062,1476932,0.0,0.0,0.0
2025-12-12 10:05:00-05:00,686.7000122070312,686.8900146484375,685.5800170898438,685.9000244140625,1600624,0.0,0.0,0.0
2025-12-12 10:10:00-05:00,685.9000244140625,686.510009765625,685.7899780273438,685.9099731445312,2143554,0.0,0.0,0.0
2025-12-12 10:15:00-05:00,685.9099731445312,686.1300048828125,685.3599853515625,685.8699951171875,1373857,0.0,0.0,0.0
2025-12-12 10:20:00-05:00,685.8599853515625,686.0449829101562,684.719970703125,684.8200073242188,1722916,0.0,0.0,0.0
2025-12-12 10:25:00-05:00,684.7999877929688,684.909912109375,683.6300048828125,683.75,2728798,0.0,0.0,0.0
2025-12-12 10:30:00-05:00,683.75,684.7100219726562,683.3099975585938,684.3099975585938,2273897,0.0,0.0,0.0
2025-12-12 10:35:00-05:00,684.3300170898438,685.1500244140625,683.9600219726562,684.9400024414062,1344869,0.0,0.0,0.0
2025-12-12 10:40:00-05:00,684.9299926757812,685.2100219726562,684.3499755859375,685.2000122070312,1086450,0.0,0.0,0.0
2025-12-12 10:45:00-05:00,685.2000122070312,685.6099853515625,684.9149780273438,685.2000122070312,1148283,0.0,0.0,0.0
2025-12-12 10:50:00-05:00,685.2000122070312,685.4199829101562,683.8800048828125,683.885009765625,1413748,0.0,0.0,0.0
2025-12-12 10:55:00-05:00,683.8699951171875,683.8900146484375,681.3099975585938,681.739990234375,3173283,0.0,0.0,0.0
2025-12-12 11:00:00-05:00,681.72998046875,682.4600219726562,680.6199951171875,680.6199951171875,2893649,0.0,0.0,0.0
2025-12-12 11:05:00-05:00,680.6199951171875,681.780029296875,680.469970703125,680.9400024414062,2137638,0.0,0.0,0.0
2025-12-12 11:10:00-05:00,680.9600219726562,681.3800048828125,680.1799926757812,681.030029296875,2312493,0.0,0.0,0.0
2025-12-12 11:15:00-05:00,681.030029296875,681.7100219726562,680.510009765625,680.8200073242188,1331059,0.0,0.0,0.0
2025-12-12 11:20:00-05:00,680.8300170898438,681.219970703125,679.7000122070312,680.3699951171875,2490803,0.0,0.0,0.0
2025-12-12 11:25:00-05:00,680.3699951171875,681.3200073242188,680.0900268554688,681.27001953125,1140323,0.0,0.0,0.0
2025-12-12 11:30:00-05:00,681.27001953125,681.2899780273438,679.9299926757812,680.3200073242188,850718,0.0,0.0,0.0
2025-12-12 11:35:00-05:00,680.3150024414062,680.510009765625,679.1743774414062,679.6500244140625,1554954,0.0,0.0,0.0
2025-12-12 11:40:00-05:00,679.6599731445312,680.7100219726562,679.239990234375,680.7000122070312,1363276,0.0,0.0,0.0
2025-12-12 11:45:00-05:00,680.7000122070312,680.75,679.8800048828125,680.330078125,1299496,0.0,0.0,0.0
2025-12-12 11:50:00-05:00,680.3300170898438,680.3300170898438,679.760009765625,680.0499877929688,658398,0.0,0.0,0.0
2025-12-12 11:55:00-05:00,680.02001953125,680.6400146484375,679.6599731445312,680.5994262695312,1238408,0.0,0.0,0.0
2025-12-12 12:00:00-05:00,680.5900268554688,681.4500122070312,680.3300170898438,681.1900024414062,996424,0.0,0.0,0.0
2025-12-12 12:05:00-05:00,681.1900024414062,682.1199951171875,681.1300048828125,681.5599975585938,931591,0.0,0.0,0.0
2025-12-12 12:10:00-05:00,681.5399780273438,682.030029296875,681.5050048828125,681.8800048828125,597908,0.0,0.0,0.0
2025-12-12 12:15:00-05:00,681.8800048828125,682.9000244140625,681.8800048828125,682.8800048828125,694371,0.0,0.0,0.0
2025-12-12 12:20:00-05:00,682.8845825195312,683.02001953125,682.4099731445312,682.7000122070312,912670,0.0,0.0,0.0
2025-12-12 12:25:00-05:00,682.7000122070312,682.7000122070312,681.3800048828125,681.4600219726562,820167,0.0,0.0,0.0
2025-12-12 12:30:00-05:00,681.4400024414062,682.0,680.9450073242188,681.7579956054688,912901,0.0,0.0,0.0
2025-12-12 12:35:00-05:00,681.75,682.6599731445312,681.2899780273438,682.5999755859375,675334,0.0,0.0,0.0
2025-12-12 12:40:00-05:00,682.594970703125,682.8499755859375,682.3499755859375,682.469970703125,471477,0.0,0.0,0.0
2025-12-12 12:45:00-05:00,682.4600219726562,683.239990234375,682.4199829101562,683.030029296875,600726,0.0,0.0,0.0
2025-12-12 12:50:00-05:00,683.0499877929688,683.14990234375,682.3699951171875,682.6500244140625,454318,0.0,0.0,0.0
2025-12-12 12:55:00-05:00,682.6456298828125,683.0399780273438,682.52001953125,682.6699829101562,362787,0.0,0.0,0.0
2025-12-12 13:00:00-05:00,682.6799926757812,682.9600219726562,682.3800048828125,682.8250122070312,475030,0.0,0.0,0.0
2025-12-12 13:05:00-05:00,682.8400268554688,683.1900024414062,682.780029296875,682.8150024414062,513522,0.0,0.0,0.0
2025-12-12 13:10:00-05:00,682.8049926757812,684.2100219726562,682.77001953125,683.6500244140625,1918842,0.0,0.0,0.0
2025-12-12 13:15:00-05:00,683.6500244140625,684.3400268554688,683.5800170898438,683.8800048828125,759941,0.0,0.0,0.0
2025-12-12 13:20:00-05:00,683.8699951171875,683.9299926757812,683.0999755859375,683.3699951171875,655948,0.0,0.0,0.0
2025-12-12 13:25:00-05:00,683.3699951171875,683.8800048828125,683.3200073242188,683.8800048828125,484431,0.0,0.0,0.0
2025-12-12 13:30:00-05:00,683.8800048828125,683.9000244140625,683.4400024414062,683.6199951171875,405356,0.0,0.0,0.0
2025-12-12 13:35:00-05:00,683.6199951171875,683.75,683.0800170898438,683.6300048828125,520237,0.0,0.0,0.0
2025-12-12 13:40:00-05:00,683.6400146484375,683.7899780273438,682.7999877929688,682.97998046875,1951366,0.0,0.0,0.0
2025-12-12 13:45:00-05:00,682.989990234375,683.2000122070312,682.719970703125,683.1799926757812,556627,0.0,0.0,0.0
2025-12-12 13:50:00-05:00,683.1749877929688,683.5399780273438,683.02001953125,683.2949829101562,631637,0.0,0.0,0.0
2025-12-12 13:55:00-05:00,683.2999877929688,683.4400024414062,682.469970703125,682.5399780273438,565722,0.0,0.0,0.0
2025-12-12 14:00:00-05:00,682.5499877929688,682.6699829101562,681.9299926757812,682.4299926757812,1320720,0.0,0.0,0.0
2025-12-12 14:05:00-05:00,682.4199829101562,682.5900268554688,681.9400024414062,681.97998046875,761494,0.0,0.0,0.0
2025-12-12 14:10:00-05:00,681.97998046875,682.3400268554688,681.5499877929688,681.739990234375,831557,0.0,0.0,0.0
2025-12-12 14:15:00-05:00,681.72998046875,682.0700073242188,681.530029296875,681.6500244140625,684365,0.0,0.0,0.0
2025-12-12 14:20:00-05:00,681.6500244140625,681.8800048828125,681.219970703125,681.530029296875,869346,0.0,0.0,0.0
2025-12-12 14:25:00-05:00,681.5399780273438,681.6500244140625,681.2100219726562,681.4749755859375,658398,0.0,0.0,0.0
2025-12-12 14:30:00-05:00,681.489990234375,682.0499877929688,681.4600219726562,681.77001953125,678689,0.0,0.0,0.0
2025-12-12 14:35:00-05:00,681.77001953125,681.969970703125,681.5599975585938,681.60009765625,884236,0.0,0.0,0.0
2025-12-12 14:40:00-05:00,681.6400146484375,682.27001953125,681.6400146484375,681.7899780273438,764690,0.0,0.0,0.0
2025-12-12 14:45:00-05:00,681.780029296875,681.9099731445312,681.5499877929688,681.8255004882812,527977,0.0,0.0,0.0
2025-12-12 14:50:00-05:00,681.8099975585938,682.1799926757812,681.75,682.0900268554688,850098,0.0,0.0,0.0
2025-12-12 14:55:00-05:00,682.0700073242188,682.2100219726562,681.5800170898438,681.9699096679688,597191,0.0,0.0,0.0
2025-12-12 15:00:00-05:00,681.9600219726562,682.1199951171875,681.4600219726562,681.7899780273438,922058,0.0,0.0,0.0
2025-12-12 15:05:00-05:00,681.780029296875,682.3800048828125,681.72998046875,682.3400268554688,927378,0.0,0.0,0.0
2025-12-12 15:10:00-05:00,682.3300170898438,682.5150146484375,681.8099975585938,681.8200073242188,1024326,0.0,0.0,0.0
2025-12-12 15:15:00-05:00,681.8200073242188,682.0656127929688,681.6900024414062,681.7999877929688,953577,0.0,0.0,0.0
2025-12-12 15:20:00-05:00,681.8049926757812,681.9949951171875,681.760009765625,681.9450073242188,820658,0.0,0.0,0.0
2025-12-12 15:25:00-05:00,681.9500122070312,681.97998046875,681.0999755859375,681.3599853515625,1457583,0.0,0.0,0.0
2025-12-12 15:30:00-05:00,681.369873046875,681.489990234375,680.3099975585938,681.02001953125,2245773,0.0,0.0,0.0
2025-12-12 15:35:00-05:00,681.02001953125,681.1300048828125,680.0700073242188,680.3350219726562,1645347,0.0,0.0,0.0
2025-12-12 15:40:00-05:00,680.3400268554688,681.1400146484375,680.3200073242188,680.8397216796875,1795690,0.0,0.0,0.0
2025-12-12 15:45:00-05:00,680.8400268554688,681.8699951171875,680.72998046875,681.3599853515625,2339018,0.0,0.0,0.0
2025-12-12 15:50:00-05:00,681.3599853515625,681.6900024414062,680.8400268554688,681.3610229492188,2555664,0.0,0.0,0.0
2025-12-12 15:55:00-05:00,681.3800048828125,681.8400268554688,681.2550048828125,681.72998046875,5148805,0.0,0.0,0.0
